USE [HOAYEUTHUONG]
GO

-- == Xóa tất cả dữ liệu trong bảng ==
-- disable all constraints
EXEC sp_MSForEachTable 'ALTER TABLE ? NOCHECK CONSTRAINT all'

-- delete data in all tables
EXEC sp_MSforeachtable 'DELETE FROM ?'

-- enable all constraints
exec sp_MSForEachTable 'ALTER TABLE ? WITH CHECK CHECK CONSTRAINT all'
GO

SET IDENTITY_INSERT [dbo].[DS_PHANLOAI] ON
INSERT [dbo].[DS_PHANLOAI] (MaSo, Loai) VALUES (1,'NguyenLieu')
INSERT [dbo].[DS_PHANLOAI] (MaSo, Loai) VALUES (2,'NguyenLieu')
INSERT [dbo].[DS_PHANLOAI] (MaSo, Loai) VALUES (3,'NguyenLieu')
INSERT [dbo].[DS_PHANLOAI] (MaSo, Loai) VALUES (4,'NguyenLieu')
INSERT [dbo].[DS_PHANLOAI] (MaSo, Loai) VALUES (5,'NguyenLieu')
INSERT [dbo].[DS_PHANLOAI] (MaSo, Loai) VALUES (6,'NguyenLieu')
INSERT [dbo].[DS_PHANLOAI] (MaSo, Loai) VALUES (7,'NguyenLieu')
INSERT [dbo].[DS_PHANLOAI] (MaSo, Loai) VALUES (8,'NguyenLieu')
INSERT [dbo].[DS_PHANLOAI] (MaSo, Loai) VALUES (9,'NguyenLieu')
INSERT [dbo].[DS_PHANLOAI] (MaSo, Loai) VALUES (10,'NguyenLieu')
INSERT [dbo].[DS_PHANLOAI] (MaSo, Loai) VALUES (11,'NguyenLieu')
INSERT [dbo].[DS_PHANLOAI] (MaSo, Loai) VALUES (12,'NguyenLieu')
INSERT [dbo].[DS_PHANLOAI] (MaSo, Loai) VALUES (13,'NguyenLieu')
INSERT [dbo].[DS_PHANLOAI] (MaSo, Loai) VALUES (14,'NguyenLieu')
INSERT [dbo].[DS_PHANLOAI] (MaSo, Loai) VALUES (15,'NguyenLieu')
INSERT [dbo].[DS_PHANLOAI] (MaSo, Loai) VALUES (16,'NguyenLieu')
INSERT [dbo].[DS_PHANLOAI] (MaSo, Loai) VALUES (17,'NguyenLieu')
INSERT [dbo].[DS_PHANLOAI] (MaSo, Loai) VALUES (18,'NguyenLieu')
INSERT [dbo].[DS_PHANLOAI] (MaSo, Loai) VALUES (19,'NguyenLieu')
INSERT [dbo].[DS_PHANLOAI] (MaSo, Loai) VALUES (20,'NguyenLieu')
INSERT [dbo].[DS_PHANLOAI] (MaSo, Loai) VALUES (21,'NguyenLieu')
INSERT [dbo].[DS_PHANLOAI] (MaSo, Loai) VALUES (22,'NguyenLieu')
INSERT [dbo].[DS_PHANLOAI] (MaSo, Loai) VALUES (23,'NguyenLieu')
INSERT [dbo].[DS_PHANLOAI] (MaSo, Loai) VALUES (24,'NguyenLieu')
INSERT [dbo].[DS_PHANLOAI] (MaSo, Loai) VALUES (25,'NguyenLieu')
INSERT [dbo].[DS_PHANLOAI] (MaSo, Loai) VALUES (26,'NguyenLieu')
INSERT [dbo].[DS_PHANLOAI] (MaSo, Loai) VALUES (27,'NguyenLieu')
INSERT [dbo].[DS_PHANLOAI] (MaSo, Loai) VALUES (28,'NguyenLieu')
INSERT [dbo].[DS_PHANLOAI] (MaSo, Loai) VALUES (29,'NguyenLieu')
INSERT [dbo].[DS_PHANLOAI] (MaSo, Loai) VALUES (30,'NguyenLieu')
INSERT [dbo].[DS_PHANLOAI] (MaSo, Loai) VALUES (31,'NguyenLieu')
INSERT [dbo].[DS_PHANLOAI] (MaSo, Loai) VALUES (32,'NguyenLieu')
INSERT [dbo].[DS_PHANLOAI] (MaSo, Loai) VALUES (33,'NguyenLieu')
INSERT [dbo].[DS_PHANLOAI] (MaSo, Loai) VALUES (34,'NguyenLieu')
INSERT [dbo].[DS_PHANLOAI] (MaSo, Loai) VALUES (35,'NguyenLieu')
INSERT [dbo].[DS_PHANLOAI] (MaSo, Loai) VALUES (36,'NguyenLieu')
INSERT [dbo].[DS_PHANLOAI] (MaSo, Loai) VALUES (37,'NguyenLieu')
INSERT [dbo].[DS_PHANLOAI] (MaSo, Loai) VALUES (38,'NguyenLieu')
INSERT [dbo].[DS_PHANLOAI] (MaSo, Loai) VALUES (39,'NguyenLieu')
INSERT [dbo].[DS_PHANLOAI] (MaSo, Loai) VALUES (40,'NguyenLieu')
INSERT [dbo].[DS_PHANLOAI] (MaSo, Loai) VALUES (41,'NguyenLieu')
INSERT [dbo].[DS_PHANLOAI] (MaSo, Loai) VALUES (42,'NguyenLieu')
INSERT [dbo].[DS_PHANLOAI] (MaSo, Loai) VALUES (43,'NguyenLieu')
INSERT [dbo].[DS_PHANLOAI] (MaSo, Loai) VALUES (44,'NguyenLieu')
INSERT [dbo].[DS_PHANLOAI] (MaSo, Loai) VALUES (45,'NguyenLieu')
INSERT [dbo].[DS_PHANLOAI] (MaSo, Loai) VALUES (46,'NguyenLieu')
INSERT [dbo].[DS_PHANLOAI] (MaSo, Loai) VALUES (47,'NguyenLieu')
INSERT [dbo].[DS_PHANLOAI] (MaSo, Loai) VALUES (48,'NguyenLieu')
INSERT [dbo].[DS_PHANLOAI] (MaSo, Loai) VALUES (49,'NguyenLieu')
INSERT [dbo].[DS_PHANLOAI] (MaSo, Loai) VALUES (50,'NguyenLieu')
INSERT [dbo].[DS_PHANLOAI] (MaSo, Loai) VALUES (51,'NguyenLieu')
INSERT [dbo].[DS_PHANLOAI] (MaSo, Loai) VALUES (52,'NguyenLieu')
INSERT [dbo].[DS_PHANLOAI] (MaSo, Loai) VALUES (53,'NguyenLieu')
INSERT [dbo].[DS_PHANLOAI] (MaSo, Loai) VALUES (54,'NguyenLieu')
INSERT [dbo].[DS_PHANLOAI] (MaSo, Loai) VALUES (55,'NguyenLieu')
INSERT [dbo].[DS_PHANLOAI] (MaSo, Loai) VALUES (56,'NguyenLieu')
INSERT [dbo].[DS_PHANLOAI] (MaSo, Loai) VALUES (57,'NguyenLieu')
INSERT [dbo].[DS_PHANLOAI] (MaSo, Loai) VALUES (58,'NguyenLieu')
INSERT [dbo].[DS_PHANLOAI] (MaSo, Loai) VALUES (59,'NguyenLieu')
INSERT [dbo].[DS_PHANLOAI] (MaSo, Loai) VALUES (60,'NguyenLieu')
INSERT [dbo].[DS_PHANLOAI] (MaSo, Loai) VALUES (61,'NguyenLieu')
INSERT [dbo].[DS_PHANLOAI] (MaSo, Loai) VALUES (62,'NguyenLieu')
INSERT [dbo].[DS_PHANLOAI] (MaSo, Loai) VALUES (63,'NguyenLieu')
INSERT [dbo].[DS_PHANLOAI] (MaSo, Loai) VALUES (64,'NguyenLieu')
INSERT [dbo].[DS_PHANLOAI] (MaSo, Loai) VALUES (65,'NguyenLieu')
INSERT [dbo].[DS_PHANLOAI] (MaSo, Loai) VALUES (66,'NguyenLieu')
INSERT [dbo].[DS_PHANLOAI] (MaSo, Loai) VALUES (67,'NguyenLieu')
INSERT [dbo].[DS_PHANLOAI] (MaSo, Loai) VALUES (68,'NguyenLieu')
INSERT [dbo].[DS_PHANLOAI] (MaSo, Loai) VALUES (69,'NguyenLieu')
INSERT [dbo].[DS_PHANLOAI] (MaSo, Loai) VALUES (70,'NguyenLieu')
INSERT [dbo].[DS_PHANLOAI] (MaSo, Loai) VALUES (71,'NguyenLieu')
INSERT [dbo].[DS_PHANLOAI] (MaSo, Loai) VALUES (72,'NguyenLieu')
INSERT [dbo].[DS_PHANLOAI] (MaSo, Loai) VALUES (73,'NguyenLieu')
INSERT [dbo].[DS_PHANLOAI] (MaSo, Loai) VALUES (74,'NguyenLieu')
INSERT [dbo].[DS_PHANLOAI] (MaSo, Loai) VALUES (75,'NguyenLieu')
INSERT [dbo].[DS_PHANLOAI] (MaSo, Loai) VALUES (76,'NguyenLieu')
INSERT [dbo].[DS_PHANLOAI] (MaSo, Loai) VALUES (77,'NguyenLieu')
INSERT [dbo].[DS_PHANLOAI] (MaSo, Loai) VALUES (78,'NguyenLieu')
INSERT [dbo].[DS_PHANLOAI] (MaSo, Loai) VALUES (79,'NguyenLieu')
INSERT [dbo].[DS_PHANLOAI] (MaSo, Loai) VALUES (80,'NguyenLieu')
INSERT [dbo].[DS_PHANLOAI] (MaSo, Loai) VALUES (81,'NguyenLieu')
INSERT [dbo].[DS_PHANLOAI] (MaSo, Loai) VALUES (82,'NguyenLieu')
INSERT [dbo].[DS_PHANLOAI] (MaSo, Loai) VALUES (83,'NguyenLieu')
INSERT [dbo].[DS_PHANLOAI] (MaSo, Loai) VALUES (84,'NguyenLieu')
INSERT [dbo].[DS_PHANLOAI] (MaSo, Loai) VALUES (85,'NguyenLieu')
INSERT [dbo].[DS_PHANLOAI] (MaSo, Loai) VALUES (86,'NguyenLieu')
INSERT [dbo].[DS_PHANLOAI] (MaSo, Loai) VALUES (87,'NguyenLieu')
INSERT [dbo].[DS_PHANLOAI] (MaSo, Loai) VALUES (88,'NguyenLieu')
INSERT [dbo].[DS_PHANLOAI] (MaSo, Loai) VALUES (89,'NguyenLieu')
INSERT [dbo].[DS_PHANLOAI] (MaSo, Loai) VALUES (90,'NguyenLieu')
INSERT [dbo].[DS_PHANLOAI] (MaSo, Loai) VALUES (91,'NguyenLieu')
INSERT [dbo].[DS_PHANLOAI] (MaSo, Loai) VALUES (92,'NguyenLieu')
INSERT [dbo].[DS_PHANLOAI] (MaSo, Loai) VALUES (93,'NguyenLieu')
INSERT [dbo].[DS_PHANLOAI] (MaSo, Loai) VALUES (94,'NguyenLieu')
INSERT [dbo].[DS_PHANLOAI] (MaSo, Loai) VALUES (95,'NguyenLieu')
INSERT [dbo].[DS_PHANLOAI] (MaSo, Loai) VALUES (96,'NguyenLieu')
INSERT [dbo].[DS_PHANLOAI] (MaSo, Loai) VALUES (97,'NguyenLieu')
INSERT [dbo].[DS_PHANLOAI] (MaSo, Loai) VALUES (98,'NguyenLieu')
INSERT [dbo].[DS_PHANLOAI] (MaSo, Loai) VALUES (99,'NguyenLieu')
INSERT [dbo].[DS_PHANLOAI] (MaSo, Loai) VALUES (100,'NguyenLieu')
INSERT [dbo].[DS_PHANLOAI] (MaSo, Loai) VALUES (101,'NguyenLieu')
INSERT [dbo].[DS_PHANLOAI] (MaSo, Loai) VALUES (102,'NguyenLieu')
INSERT [dbo].[DS_PHANLOAI] (MaSo, Loai) VALUES (103,'NguyenLieu')
INSERT [dbo].[DS_PHANLOAI] (MaSo, Loai) VALUES (104,'NguyenLieu')
INSERT [dbo].[DS_PHANLOAI] (MaSo, Loai) VALUES (105,'NguyenLieu')
INSERT [dbo].[DS_PHANLOAI] (MaSo, Loai) VALUES (106,'NguyenLieu')
INSERT [dbo].[DS_PHANLOAI] (MaSo, Loai) VALUES (107,'NguyenLieu')
INSERT [dbo].[DS_PHANLOAI] (MaSo, Loai) VALUES (108,'NguyenLieu')
INSERT [dbo].[DS_PHANLOAI] (MaSo, Loai) VALUES (109,'NguyenLieu')
INSERT [dbo].[DS_PHANLOAI] (MaSo, Loai) VALUES (110,'NguyenLieu')
INSERT [dbo].[DS_PHANLOAI] (MaSo, Loai) VALUES (111,'NguyenLieu')
INSERT [dbo].[DS_PHANLOAI] (MaSo, Loai) VALUES (112,'NguyenLieu')
INSERT [dbo].[DS_PHANLOAI] (MaSo, Loai) VALUES (113,'NguyenLieu')
INSERT [dbo].[DS_PHANLOAI] (MaSo, Loai) VALUES (114,'NguyenLieu')
INSERT [dbo].[DS_PHANLOAI] (MaSo, Loai) VALUES (115,'NguyenLieu')
INSERT [dbo].[DS_PHANLOAI] (MaSo, Loai) VALUES (116,'NguyenLieu')
INSERT [dbo].[DS_PHANLOAI] (MaSo, Loai) VALUES (117,'NguyenLieu')
INSERT [dbo].[DS_PHANLOAI] (MaSo, Loai) VALUES (118,'NguyenLieu')
INSERT [dbo].[DS_PHANLOAI] (MaSo, Loai) VALUES (119,'NguyenLieu')
INSERT [dbo].[DS_PHANLOAI] (MaSo, Loai) VALUES (120,'NguyenLieu')
INSERT [dbo].[DS_PHANLOAI] (MaSo, Loai) VALUES (121,'NguyenLieu')
INSERT [dbo].[DS_PHANLOAI] (MaSo, Loai) VALUES (122,'NguyenLieu')
INSERT [dbo].[DS_PHANLOAI] (MaSo, Loai) VALUES (123,'NguyenLieu')
INSERT [dbo].[DS_PHANLOAI] (MaSo, Loai) VALUES (124,'NguyenLieu')
INSERT [dbo].[DS_PHANLOAI] (MaSo, Loai) VALUES (125,'NguyenLieu')
INSERT [dbo].[DS_PHANLOAI] (MaSo, Loai) VALUES (126,'NguyenLieu')
INSERT [dbo].[DS_PHANLOAI] (MaSo, Loai) VALUES (127,'NguyenLieu')
INSERT [dbo].[DS_PHANLOAI] (MaSo, Loai) VALUES (128,'NguyenLieu')
INSERT [dbo].[DS_PHANLOAI] (MaSo, Loai) VALUES (129,'NguyenLieu')
INSERT [dbo].[DS_PHANLOAI] (MaSo, Loai) VALUES (130,'NguyenLieu')
INSERT [dbo].[DS_PHANLOAI] (MaSo, Loai) VALUES (131,'NguyenLieu')
INSERT [dbo].[DS_PHANLOAI] (MaSo, Loai) VALUES (132,'NguyenLieu')
INSERT [dbo].[DS_PHANLOAI] (MaSo, Loai) VALUES (133,'NguyenLieu')
INSERT [dbo].[DS_PHANLOAI] (MaSo, Loai) VALUES (134,'NguyenLieu')
INSERT [dbo].[DS_PHANLOAI] (MaSo, Loai) VALUES (135,'NguyenLieu')
INSERT [dbo].[DS_PHANLOAI] (MaSo, Loai) VALUES (136,'NguyenLieu')
INSERT [dbo].[DS_PHANLOAI] (MaSo, Loai) VALUES (137,'NguyenLieu')

INSERT [dbo].[DS_PHANLOAI] (MaSo, Loai) VALUES (1000,'SP_Mua')
INSERT [dbo].[DS_PHANLOAI] (MaSo, Loai) VALUES (1001,'SP_Mua')
INSERT [dbo].[DS_PHANLOAI] (MaSo, Loai) VALUES (1002,'SP_Mua')
INSERT [dbo].[DS_PHANLOAI] (MaSo, Loai) VALUES (1003,'SP_Mua')
INSERT [dbo].[DS_PHANLOAI] (MaSo, Loai) VALUES (1004,'SP_Mua')
INSERT [dbo].[DS_PHANLOAI] (MaSo, Loai) VALUES (1005,'SP_Mua')
INSERT [dbo].[DS_PHANLOAI] (MaSo, Loai) VALUES (1006,'SP_Mua')
INSERT [dbo].[DS_PHANLOAI] (MaSo, Loai) VALUES (1007,'SP_Mua')
INSERT [dbo].[DS_PHANLOAI] (MaSo, Loai) VALUES (1008,'SP_Mua')
INSERT [dbo].[DS_PHANLOAI] (MaSo, Loai) VALUES (1009,'SP_Mua')
INSERT [dbo].[DS_PHANLOAI] (MaSo, Loai) VALUES (1010,'SP_Mua')
INSERT [dbo].[DS_PHANLOAI] (MaSo, Loai) VALUES (1011,'SP_Mua')
INSERT [dbo].[DS_PHANLOAI] (MaSo, Loai) VALUES (1012,'SP_Mua')
INSERT [dbo].[DS_PHANLOAI] (MaSo, Loai) VALUES (1013,'SP_Mua')
INSERT [dbo].[DS_PHANLOAI] (MaSo, Loai) VALUES (1014,'SP_Mua')
INSERT [dbo].[DS_PHANLOAI] (MaSo, Loai) VALUES (1015,'SP_Mua')
INSERT [dbo].[DS_PHANLOAI] (MaSo, Loai) VALUES (1016,'SP_Mua')
INSERT [dbo].[DS_PHANLOAI] (MaSo, Loai) VALUES (1017,'SP_Mua')
INSERT [dbo].[DS_PHANLOAI] (MaSo, Loai) VALUES (1018,'SP_Mua')
INSERT [dbo].[DS_PHANLOAI] (MaSo, Loai) VALUES (1019,'SP_Mua')
INSERT [dbo].[DS_PHANLOAI] (MaSo, Loai) VALUES (1020,'SP_Mua')
INSERT [dbo].[DS_PHANLOAI] (MaSo, Loai) VALUES (1021,'SP_Mua')
INSERT [dbo].[DS_PHANLOAI] (MaSo, Loai) VALUES (1022,'SP_Mua')
INSERT [dbo].[DS_PHANLOAI] (MaSo, Loai) VALUES (1023,'SP_Mua')
INSERT [dbo].[DS_PHANLOAI] (MaSo, Loai) VALUES (1024,'SP_Mua')
INSERT [dbo].[DS_PHANLOAI] (MaSo, Loai) VALUES (1025,'SP_Mua')
INSERT [dbo].[DS_PHANLOAI] (MaSo, Loai) VALUES (1026,'SP_Mua')
INSERT [dbo].[DS_PHANLOAI] (MaSo, Loai) VALUES (1027,'SP_Mua')
INSERT [dbo].[DS_PHANLOAI] (MaSo, Loai) VALUES (1028,'SP_Mua')
INSERT [dbo].[DS_PHANLOAI] (MaSo, Loai) VALUES (1029,'SP_Mua')
INSERT [dbo].[DS_PHANLOAI] (MaSo, Loai) VALUES (1030,'SP_Mua')
INSERT [dbo].[DS_PHANLOAI] (MaSo, Loai) VALUES (1031,'SP_Mua')
INSERT [dbo].[DS_PHANLOAI] (MaSo, Loai) VALUES (1032,'SP_Mua')
INSERT [dbo].[DS_PHANLOAI] (MaSo, Loai) VALUES (1033,'SP_Mua')
INSERT [dbo].[DS_PHANLOAI] (MaSo, Loai) VALUES (1034,'SP_Mua')
INSERT [dbo].[DS_PHANLOAI] (MaSo, Loai) VALUES (1035,'SP_Mua')
INSERT [dbo].[DS_PHANLOAI] (MaSo, Loai) VALUES (1036,'SP_Mua')
INSERT [dbo].[DS_PHANLOAI] (MaSo, Loai) VALUES (1037,'SP_Mua')
INSERT [dbo].[DS_PHANLOAI] (MaSo, Loai) VALUES (1038,'SP_Mua')
INSERT [dbo].[DS_PHANLOAI] (MaSo, Loai) VALUES (1039,'SP_Mua')
INSERT [dbo].[DS_PHANLOAI] (MaSo, Loai) VALUES (1040,'SP_Mua')
INSERT [dbo].[DS_PHANLOAI] (MaSo, Loai) VALUES (1041,'SP_Mua')

INSERT [dbo].[DS_PHANLOAI] (MaSo, Loai) VALUES (2000,'SANPHAM')
INSERT [dbo].[DS_PHANLOAI] (MaSo, Loai) VALUES (2001,'SANPHAM')
INSERT [dbo].[DS_PHANLOAI] (MaSo, Loai) VALUES (2002,'SANPHAM')
INSERT [dbo].[DS_PHANLOAI] (MaSo, Loai) VALUES (2003,'SANPHAM')
INSERT [dbo].[DS_PHANLOAI] (MaSo, Loai) VALUES (2004,'SANPHAM')
INSERT [dbo].[DS_PHANLOAI] (MaSo, Loai) VALUES (2005,'SANPHAM')
INSERT [dbo].[DS_PHANLOAI] (MaSo, Loai) VALUES (2006,'SANPHAM')
INSERT [dbo].[DS_PHANLOAI] (MaSo, Loai) VALUES (2007,'SANPHAM')
INSERT [dbo].[DS_PHANLOAI] (MaSo, Loai) VALUES (2008,'SANPHAM')
INSERT [dbo].[DS_PHANLOAI] (MaSo, Loai) VALUES (2009,'SANPHAM')
INSERT [dbo].[DS_PHANLOAI] (MaSo, Loai) VALUES (2010,'SANPHAM')
INSERT [dbo].[DS_PHANLOAI] (MaSo, Loai) VALUES (2011,'SANPHAM')
INSERT [dbo].[DS_PHANLOAI] (MaSo, Loai) VALUES (2012,'SANPHAM')
INSERT [dbo].[DS_PHANLOAI] (MaSo, Loai) VALUES (2013,'SANPHAM')
INSERT [dbo].[DS_PHANLOAI] (MaSo, Loai) VALUES (2014,'SANPHAM')
INSERT [dbo].[DS_PHANLOAI] (MaSo, Loai) VALUES (2015,'SANPHAM')
INSERT [dbo].[DS_PHANLOAI] (MaSo, Loai) VALUES (2016,'SANPHAM')
INSERT [dbo].[DS_PHANLOAI] (MaSo, Loai) VALUES (2017,'SANPHAM')
INSERT [dbo].[DS_PHANLOAI] (MaSo, Loai) VALUES (2018,'SANPHAM')
INSERT [dbo].[DS_PHANLOAI] (MaSo, Loai) VALUES (2019,'SANPHAM')
INSERT [dbo].[DS_PHANLOAI] (MaSo, Loai) VALUES (2020,'SANPHAM')
INSERT [dbo].[DS_PHANLOAI] (MaSo, Loai) VALUES (2021,'SANPHAM')
INSERT [dbo].[DS_PHANLOAI] (MaSo, Loai) VALUES (2022,'SANPHAM')
INSERT [dbo].[DS_PHANLOAI] (MaSo, Loai) VALUES (2023,'SANPHAM')
INSERT [dbo].[DS_PHANLOAI] (MaSo, Loai) VALUES (2024,'SANPHAM')
INSERT [dbo].[DS_PHANLOAI] (MaSo, Loai) VALUES (2025,'SANPHAM')
INSERT [dbo].[DS_PHANLOAI] (MaSo, Loai) VALUES (2026,'SANPHAM')
INSERT [dbo].[DS_PHANLOAI] (MaSo, Loai) VALUES (2027,'SANPHAM')
INSERT [dbo].[DS_PHANLOAI] (MaSo, Loai) VALUES (2028,'SANPHAM')
INSERT [dbo].[DS_PHANLOAI] (MaSo, Loai) VALUES (2029,'SANPHAM')
INSERT [dbo].[DS_PHANLOAI] (MaSo, Loai) VALUES (2030,'SANPHAM')
INSERT [dbo].[DS_PHANLOAI] (MaSo, Loai) VALUES (2031,'SANPHAM')
INSERT [dbo].[DS_PHANLOAI] (MaSo, Loai) VALUES (2032,'SANPHAM')
INSERT [dbo].[DS_PHANLOAI] (MaSo, Loai) VALUES (2033,'SANPHAM')
INSERT [dbo].[DS_PHANLOAI] (MaSo, Loai) VALUES (2034,'SANPHAM')
INSERT [dbo].[DS_PHANLOAI] (MaSo, Loai) VALUES (2035,'SANPHAM')
INSERT [dbo].[DS_PHANLOAI] (MaSo, Loai) VALUES (2036,'SANPHAM')
INSERT [dbo].[DS_PHANLOAI] (MaSo, Loai) VALUES (2037,'SANPHAM')
INSERT [dbo].[DS_PHANLOAI] (MaSo, Loai) VALUES (2038,'SANPHAM')
INSERT [dbo].[DS_PHANLOAI] (MaSo, Loai) VALUES (2039,'SANPHAM')
INSERT [dbo].[DS_PHANLOAI] (MaSo, Loai) VALUES (2040,'SANPHAM')
INSERT [dbo].[DS_PHANLOAI] (MaSo, Loai) VALUES (2041,'SANPHAM')
INSERT [dbo].[DS_PHANLOAI] (MaSo, Loai) VALUES (2042,'SANPHAM')
INSERT [dbo].[DS_PHANLOAI] (MaSo, Loai) VALUES (2043,'SANPHAM')
INSERT [dbo].[DS_PHANLOAI] (MaSo, Loai) VALUES (2044,'SANPHAM')
INSERT [dbo].[DS_PHANLOAI] (MaSo, Loai) VALUES (2045,'SANPHAM')
INSERT [dbo].[DS_PHANLOAI] (MaSo, Loai) VALUES (2046,'SANPHAM')
INSERT [dbo].[DS_PHANLOAI] (MaSo, Loai) VALUES (2047,'SANPHAM')
INSERT [dbo].[DS_PHANLOAI] (MaSo, Loai) VALUES (2048,'SANPHAM')
INSERT [dbo].[DS_PHANLOAI] (MaSo, Loai) VALUES (2049,'SANPHAM')
INSERT [dbo].[DS_PHANLOAI] (MaSo, Loai) VALUES (2050,'SANPHAM')
SET IDENTITY_INSERT [dbo].[DS_PHANLOAI] OFF
GO

INSERT [dbo].[SANPHAM] (MaSP, Loai, TenSP, NgaySangTao, DonGiaSP, GiamGiaSP) VALUES (1000,'SP_Mua', N'BÁNH BẮP', null,655000,55000)
INSERT [dbo].[SANPHAM] (MaSP, Loai, TenSP, NgaySangTao, DonGiaSP, GiamGiaSP) VALUES (1001,'SP_Mua', N'BÁNH BÔNG TUYẾT', null,655000,55000)
INSERT [dbo].[SANPHAM] (MaSP, Loai, TenSP, NgaySangTao, DonGiaSP, GiamGiaSP) VALUES (1002,'SP_Mua', N'BÁNH SOCOLA BONIVA', null,755000,0)
INSERT [dbo].[SANPHAM] (MaSP, Loai, TenSP, NgaySangTao, DonGiaSP, GiamGiaSP) VALUES (1003,'SP_Mua', N'BÔNG GÒN TUYẾT(10 BÔNG)', null,150700,18700)
INSERT [dbo].[SANPHAM] (MaSP, Loai, TenSP, NgaySangTao, DonGiaSP, GiamGiaSP) VALUES (1004,'SP_Mua', N'BÔNG TUYẾT', null,45000,0)
INSERT [dbo].[SANPHAM] (MaSP, Loai, TenSP, NgaySangTao, DonGiaSP, GiamGiaSP) VALUES (1005,'SP_Mua', N'BÔNG TUYẾT PHA LÊ', null,55000,5000)
INSERT [dbo].[SANPHAM] (MaSP, Loai, TenSP, NgaySangTao, DonGiaSP, GiamGiaSP) VALUES (1006,'SP_Mua', N'Brown hamster', null,385000,0)
INSERT [dbo].[SANPHAM] (MaSP, Loai, TenSP, NgaySangTao, DonGiaSP, GiamGiaSP) VALUES (1007,'SP_Mua', N'Búp bê len mũ xanh', null,45000,0)
INSERT [dbo].[SANPHAM] (MaSP, Loai, TenSP, NgaySangTao, DonGiaSP, GiamGiaSP) VALUES (1008,'SP_Mua', N'Cây thông 50cm mẫu 1', null,590000,150000)
INSERT [dbo].[SANPHAM] (MaSP, Loai, TenSP, NgaySangTao, DonGiaSP, GiamGiaSP) VALUES (1009,'SP_Mua', N'Cây Thông gỗ nâu 60cm', null,960000,160000)
INSERT [dbo].[SANPHAM] (MaSP, Loai, TenSP, NgaySangTao, DonGiaSP, GiamGiaSP) VALUES (1010,'SP_Mua', N'Cây Thông gỗ nâu 80cm', null,1500000,250000)
INSERT [dbo].[SANPHAM] (MaSP, Loai, TenSP, NgaySangTao, DonGiaSP, GiamGiaSP) VALUES (1011,'SP_Mua', N'Cây Thông gỗ trắng 100cm', null,2500000,500000)
INSERT [dbo].[SANPHAM] (MaSP, Loai, TenSP, NgaySangTao, DonGiaSP, GiamGiaSP) VALUES (1012,'SP_Mua', N'Cây Thông PE Xanh H270', null,20590000,0)
INSERT [dbo].[SANPHAM] (MaSP, Loai, TenSP, NgaySangTao, DonGiaSP, GiamGiaSP) VALUES (1013,'SP_Mua', N'Cây Thông Phủ Tuyết H120', null,1940000,0)
INSERT [dbo].[SANPHAM] (MaSP, Loai, TenSP, NgaySangTao, DonGiaSP, GiamGiaSP) VALUES (1014,'SP_Mua', N'Cây Thông Xanh H180', null,4600000,0)
INSERT [dbo].[SANPHAM] (MaSP, Loai, TenSP, NgaySangTao, DonGiaSP, GiamGiaSP) VALUES (1015,'SP_Mua', N'Cây Thông Xanh PE H120', null,3380000,0)
INSERT [dbo].[SANPHAM] (MaSP, Loai, TenSP, NgaySangTao, DonGiaSP, GiamGiaSP) VALUES (1016,'SP_Mua', N'Christmas all star mouse', null,2200000,0)
INSERT [dbo].[SANPHAM] (MaSP, Loai, TenSP, NgaySangTao, DonGiaSP, GiamGiaSP) VALUES (1017,'SP_Mua', N'Christmas Wishes', null,990000,0)
INSERT [dbo].[SANPHAM] (MaSP, Loai, TenSP, NgaySangTao, DonGiaSP, GiamGiaSP) VALUES (1018,'SP_Mua', N'Corn cheese', null,550000,0)
INSERT [dbo].[SANPHAM] (MaSP, Loai, TenSP, NgaySangTao, DonGiaSP, GiamGiaSP) VALUES (1019,'SP_Mua', N'GẤU NÂU XÙ', null,550000,55000)
INSERT [dbo].[SANPHAM] (MaSP, Loai, TenSP, NgaySangTao, DonGiaSP, GiamGiaSP) VALUES (1020,'SP_Mua', N'GẤU PINK ÔM TIM LOVE', null,935000,55000)
INSERT [dbo].[SANPHAM] (MaSP, Loai, TenSP, NgaySangTao, DonGiaSP, GiamGiaSP) VALUES (1021,'SP_Mua', N'Grey Hamster', null,440000,55000)
INSERT [dbo].[SANPHAM] (MaSP, Loai, TenSP, NgaySangTao, DonGiaSP, GiamGiaSP) VALUES (1022,'SP_Mua', N'Husky kèm chăn', null,440000,55000)
INSERT [dbo].[SANPHAM] (MaSP, Loai, TenSP, NgaySangTao, DonGiaSP, GiamGiaSP) VALUES (1023,'SP_Mua', N'King Kong Nâu', null,385000,55000)
INSERT [dbo].[SANPHAM] (MaSP, Loai, TenSP, NgaySangTao, DonGiaSP, GiamGiaSP) VALUES (1024,'SP_Mua', N'BÁNH LITGHTING BERRY FRESH 2', null,605000,55000)
INSERT [dbo].[SANPHAM] (MaSP, Loai, TenSP, NgaySangTao, DonGiaSP, GiamGiaSP) VALUES (1025,'SP_Mua', N'Little Christmas Tree', null,2425500,225000)
INSERT [dbo].[SANPHAM] (MaSP, Loai, TenSP, NgaySangTao, DonGiaSP, GiamGiaSP) VALUES (1026,'SP_Mua', N'Nai Peter Nâu Mẹ Con', null,805000,55000)
INSERT [dbo].[SANPHAM] (MaSP, Loai, TenSP, NgaySangTao, DonGiaSP, GiamGiaSP) VALUES (1027,'SP_Mua', N'Ngựa Unicorn Ôm Tim', null,455000,55000)
INSERT [dbo].[SANPHAM] (MaSP, Loai, TenSP, NgaySangTao, DonGiaSP, GiamGiaSP) VALUES (1028,'SP_Mua', N'Phụ kiện trang trí Noel', null,1000000,0)
INSERT [dbo].[SANPHAM] (MaSP, Loai, TenSP, NgaySangTao, DonGiaSP, GiamGiaSP) VALUES (1029,'SP_Mua', N'Rainbown Teddy Bear', null,605000,55000)
INSERT [dbo].[SANPHAM] (MaSP, Loai, TenSP, NgaySangTao, DonGiaSP, GiamGiaSP) VALUES (1030,'SP_Mua', N'Rồng Benzamin ngồi', null,505000,55000)
INSERT [dbo].[SANPHAM] (MaSP, Loai, TenSP, NgaySangTao, DonGiaSP, GiamGiaSP) VALUES (1031,'SP_Mua', N'SOCOLA LOVE', null,755000,55000)
INSERT [dbo].[SANPHAM] (MaSP, Loai, TenSP, NgaySangTao, DonGiaSP, GiamGiaSP) VALUES (1032,'SP_Mua', N'Sơn tùng Noel 1', null,1320000,120000)
INSERT [dbo].[SANPHAM] (MaSP, Loai, TenSP, NgaySangTao, DonGiaSP, GiamGiaSP) VALUES (1033,'SP_Mua', N'Sơn tùng Noel 2', null,1000000,80000)
INSERT [dbo].[SANPHAM] (MaSP, Loai, TenSP, NgaySangTao, DonGiaSP, GiamGiaSP) VALUES (1034,'SP_Mua', N'Sơn tùng Noel 3', null,1100000,100000)
INSERT [dbo].[SANPHAM] (MaSP, Loai, TenSP, NgaySangTao, DonGiaSP, GiamGiaSP) VALUES (1035,'SP_Mua', N'Sơn tùng Noel 4', null,1540000,40000)
INSERT [dbo].[SANPHAM] (MaSP, Loai, TenSP, NgaySangTao, DonGiaSP, GiamGiaSP) VALUES (1036,'SP_Mua', N'TEDDY ÁO NÓN NÂU', null,275000,55000)
INSERT [dbo].[SANPHAM] (MaSP, Loai, TenSP, NgaySangTao, DonGiaSP, GiamGiaSP) VALUES (1037,'SP_Mua', N'TEDDY BEAR ÁO SỌC LOVE XANH', null,405000,55000)
INSERT [dbo].[SANPHAM] (MaSP, Loai, TenSP, NgaySangTao, DonGiaSP, GiamGiaSP) VALUES (1038,'SP_Mua', N'Thỏ Sweetie hồng váy xòe', null,505000,55000)
INSERT [dbo].[SANPHAM] (MaSP, Loai, TenSP, NgaySangTao, DonGiaSP, GiamGiaSP) VALUES (1039,'SP_Mua', N'BÁNH TIRAMISU PAS', null,655000,55000)
INSERT [dbo].[SANPHAM] (MaSP, Loai, TenSP, NgaySangTao, DonGiaSP, GiamGiaSP) VALUES (1040,'SP_Mua', N'Totoro Áo Totoro', null,605000,55000)
INSERT [dbo].[SANPHAM] (MaSP, Loai, TenSP, NgaySangTao, DonGiaSP, GiamGiaSP) VALUES (1041,'SP_Mua', N'BÁNH WINDY', null,605000,55000)

INSERT [dbo].[SANPHAM] (MaSP, Loai, TenSP, NgaySangTao, DonGiaSP, GiamGiaSP) VALUES (2000,'SANPHAM', N'BÌNH HỒNG MIX 30', null,420000,70000)
INSERT [dbo].[SANPHAM] (MaSP, Loai, TenSP, NgaySangTao, DonGiaSP, GiamGiaSP) VALUES (2001,'SANPHAM', N'BLOOMING', null,1405000,55000)
INSERT [dbo].[SANPHAM] (MaSP, Loai, TenSP, NgaySangTao, DonGiaSP, GiamGiaSP) VALUES (2002,'SANPHAM', N'ÁNH DƯƠNG', null,220000,55000)
INSERT [dbo].[SANPHAM] (MaSP, Loai, TenSP, NgaySangTao, DonGiaSP, GiamGiaSP) VALUES (2003,'SANPHAM', N'BÓ HOA TÚ CẦU', null,440000,40000)
INSERT [dbo].[SANPHAM] (MaSP, Loai, TenSP, NgaySangTao, DonGiaSP, GiamGiaSP) VALUES (2004,'SANPHAM', N'YÊU XA', null,250000,30000)
INSERT [dbo].[SANPHAM] (MaSP, Loai, TenSP, NgaySangTao, DonGiaSP, GiamGiaSP) VALUES (2005,'SANPHAM', N'CHIỀU THƯƠNG', null,655000,55000)
INSERT [dbo].[SANPHAM] (MaSP, Loai, TenSP, NgaySangTao, DonGiaSP, GiamGiaSP) VALUES (2006,'SANPHAM', N'DARLING GIRL', null,585000,55000)
INSERT [dbo].[SANPHAM] (MaSP, Loai, TenSP, NgaySangTao, DonGiaSP, GiamGiaSP) VALUES (2007,'SANPHAM', N'DEEP CONDOLENCES', null,950000,100000)
INSERT [dbo].[SANPHAM] (MaSP, Loai, TenSP, NgaySangTao, DonGiaSP, GiamGiaSP) VALUES (2008,'SANPHAM', N'ĐIỀU BẤT NGỜ', null,355000,55000)
INSERT [dbo].[SANPHAM] (MaSP, Loai, TenSP, NgaySangTao, DonGiaSP, GiamGiaSP) VALUES (2009,'SANPHAM', N'ĐÔI TA', null,455000,55000)
INSERT [dbo].[SANPHAM] (MaSP, Loai, TenSP, NgaySangTao, DonGiaSP, GiamGiaSP) VALUES (2010,'SANPHAM', N'GẦN BÊN EM', null,575000,55000)
INSERT [dbo].[SANPHAM] (MaSP, Loai, TenSP, NgaySangTao, DonGiaSP, GiamGiaSP) VALUES (2011,'SANPHAM', N'GẮN KẾT YÊU THƯƠNG', null,955000,55000)
INSERT [dbo].[SANPHAM] (MaSP, Loai, TenSP, NgaySangTao, DonGiaSP, GiamGiaSP) VALUES (2012,'SANPHAM', N'GIÃ BIỆT 1', null,600000,50000)
INSERT [dbo].[SANPHAM] (MaSP, Loai, TenSP, NgaySangTao, DonGiaSP, GiamGiaSP) VALUES (2013,'SANPHAM', N'GOOD LUCK 3', null,705000,55000)
INSERT [dbo].[SANPHAM] (MaSP, Loai, TenSP, NgaySangTao, DonGiaSP, GiamGiaSP) VALUES (2014,'SANPHAM', N'HẠNH PHÚC', null,715000,55000)
INSERT [dbo].[SANPHAM] (MaSP, Loai, TenSP, NgaySangTao, DonGiaSP, GiamGiaSP) VALUES (2015,'SANPHAM', N'HẠNH PHÚC BẤT TẬN 2', null,1590000,490000)
INSERT [dbo].[SANPHAM] (MaSP, Loai, TenSP, NgaySangTao, DonGiaSP, GiamGiaSP) VALUES (2016,'SANPHAM', N'HỒ ĐIỆP MẪU 2', null,1400000,200000)
INSERT [dbo].[SANPHAM] (MaSP, Loai, TenSP, NgaySangTao, DonGiaSP, GiamGiaSP) VALUES (2017,'SANPHAM', N'HOME SWEET HOME', null,935000,55000)
INSERT [dbo].[SANPHAM] (MaSP, Loai, TenSP, NgaySangTao, DonGiaSP, GiamGiaSP) VALUES (2018,'SANPHAM', N'HỒNG ĐỎ SA (25 BÔNG)', null,420000,70000)
INSERT [dbo].[SANPHAM] (MaSP, Loai, TenSP, NgaySangTao, DonGiaSP, GiamGiaSP) VALUES (2019,'SANPHAM', N'HỒNG MIX (25 BÔNG)', null,420000,70000)
INSERT [dbo].[SANPHAM] (MaSP, Loai, TenSP, NgaySangTao, DonGiaSP, GiamGiaSP) VALUES (2020,'SANPHAM', N'HỒNG MIX (30 BÔNG)', null,480000,80000)
INSERT [dbo].[SANPHAM] (MaSP, Loai, TenSP, NgaySangTao, DonGiaSP, GiamGiaSP) VALUES (2021,'SANPHAM', N'GRACEFUL', null,1045000,55000)
INSERT [dbo].[SANPHAM] (MaSP, Loai, TenSP, NgaySangTao, DonGiaSP, GiamGiaSP) VALUES (2022,'SANPHAM', N'HƯ KHÔNG', null,715000,55000)
INSERT [dbo].[SANPHAM] (MaSP, Loai, TenSP, NgaySangTao, DonGiaSP, GiamGiaSP) VALUES (2023,'SANPHAM', N'HƯƠNG GIÓ', null,435000,55000)
INSERT [dbo].[SANPHAM] (MaSP, Loai, TenSP, NgaySangTao, DonGiaSP, GiamGiaSP) VALUES (2024,'SANPHAM', N'HY VỌNG', null,535000,55000)
INSERT [dbo].[SANPHAM] (MaSP, Loai, TenSP, NgaySangTao, DonGiaSP, GiamGiaSP) VALUES (2025,'SANPHAM', N'KHÚC HÁT XUÂN', null,1615000,55000)
INSERT [dbo].[SANPHAM] (MaSP, Loai, TenSP, NgaySangTao, DonGiaSP, GiamGiaSP) VALUES (2026,'SANPHAM', N'KÍ ỨC XƯA', null,1100000,50000)
INSERT [dbo].[SANPHAM] (MaSP, Loai, TenSP, NgaySangTao, DonGiaSP, GiamGiaSP) VALUES (2027,'SANPHAM', N'LOVE SONG', null,635000,55000)
INSERT [dbo].[SANPHAM] (MaSP, Loai, TenSP, NgaySangTao, DonGiaSP, GiamGiaSP) VALUES (2028,'SANPHAM', N'LOVE STORY', null,605000,55000)
INSERT [dbo].[SANPHAM] (MaSP, Loai, TenSP, NgaySangTao, DonGiaSP, GiamGiaSP) VALUES (2029,'SANPHAM', N'MAMA LOVE', null,685000,55000)
INSERT [dbo].[SANPHAM] (MaSP, Loai, TenSP, NgaySangTao, DonGiaSP, GiamGiaSP) VALUES (2030,'SANPHAM', N'MILLION STARS', null,735000,55000)
INSERT [dbo].[SANPHAM] (MaSP, Loai, TenSP, NgaySangTao, DonGiaSP, GiamGiaSP) VALUES (2031,'SANPHAM', N'MORNING OF GARDEN', null,905000,55000)
INSERT [dbo].[SANPHAM] (MaSP, Loai, TenSP, NgaySangTao, DonGiaSP, GiamGiaSP) VALUES (2032,'SANPHAM', N'NGÀN LỜI YÊU THƯƠNG', null,855000,55000)
INSERT [dbo].[SANPHAM] (MaSP, Loai, TenSP, NgaySangTao, DonGiaSP, GiamGiaSP) VALUES (2033,'SANPHAM', N'NGỌC SẮC', null,750000,50000)
INSERT [dbo].[SANPHAM] (MaSP, Loai, TenSP, NgaySangTao, DonGiaSP, GiamGiaSP) VALUES (2034,'SANPHAM', N'NGỌC SẮC 2', null,750000,50000)
INSERT [dbo].[SANPHAM] (MaSP, Loai, TenSP, NgaySangTao, DonGiaSP, GiamGiaSP) VALUES (2035,'SANPHAM', N'PRETTY STARS', null,550000,50000)
INSERT [dbo].[SANPHAM] (MaSP, Loai, TenSP, NgaySangTao, DonGiaSP, GiamGiaSP) VALUES (2036,'SANPHAM', N'REST IN PEACE', null,1405000,55000)
INSERT [dbo].[SANPHAM] (MaSP, Loai, TenSP, NgaySangTao, DonGiaSP, GiamGiaSP) VALUES (2037,'SANPHAM', N'SIXTEEN', null,755000,55000)
INSERT [dbo].[SANPHAM] (MaSP, Loai, TenSP, NgaySangTao, DonGiaSP, GiamGiaSP) VALUES (2038,'SANPHAM', N'THẮNG LỢI', null,755000,55000)
INSERT [dbo].[SANPHAM] (MaSP, Loai, TenSP, NgaySangTao, DonGiaSP, GiamGiaSP) VALUES (2039,'SANPHAM', N'THINKING OF YOU', null,770000,70000)
INSERT [dbo].[SANPHAM] (MaSP, Loai, TenSP, NgaySangTao, DonGiaSP, GiamGiaSP) VALUES (2040,'SANPHAM', N'THIS WAY', null,655000,55000)
INSERT [dbo].[SANPHAM] (MaSP, Loai, TenSP, NgaySangTao, DonGiaSP, GiamGiaSP) VALUES (2041,'SANPHAM', N'TRÁI TIM YÊU THƯƠNG', null,1500000,500000)
INSERT [dbo].[SANPHAM] (MaSP, Loai, TenSP, NgaySangTao, DonGiaSP, GiamGiaSP) VALUES (2042,'SANPHAM', N'TƯƠI VUI', null,655000,55000)
INSERT [dbo].[SANPHAM] (MaSP, Loai, TenSP, NgaySangTao, DonGiaSP, GiamGiaSP) VALUES (2043,'SANPHAM', N'GẮN KẾT YÊU THƯƠNG', null,875000,55000)
INSERT [dbo].[SANPHAM] (MaSP, Loai, TenSP, NgaySangTao, DonGiaSP, GiamGiaSP) VALUES (2044,'SANPHAM', N'FRESH FRUIT 1', null,638000,55000)
INSERT [dbo].[SANPHAM] (MaSP, Loai, TenSP, NgaySangTao, DonGiaSP, GiamGiaSP) VALUES (2045,'SANPHAM', N'FRESH FRUIT 4', null,1155000,55000)
INSERT [dbo].[SANPHAM] (MaSP, Loai, TenSP, NgaySangTao, DonGiaSP, GiamGiaSP) VALUES (2046,'SANPHAM', N'FRESH FRUIT 6', null,1155000,55000)
INSERT [dbo].[SANPHAM] (MaSP, Loai, TenSP, NgaySangTao, DonGiaSP, GiamGiaSP) VALUES (2047,'SANPHAM', N'FRESH FRUIT 7', null,705000,55000)
INSERT [dbo].[SANPHAM] (MaSP, Loai, TenSP, NgaySangTao, DonGiaSP, GiamGiaSP) VALUES (2048,'SANPHAM', N'FRESH FRUIT 8', null,635000,55000)
INSERT [dbo].[SANPHAM] (MaSP, Loai, TenSP, NgaySangTao, DonGiaSP, GiamGiaSP) VALUES (2049,'SANPHAM', N'ORANGES BOX', null,660000,55000)
INSERT [dbo].[SANPHAM] (MaSP, Loai, TenSP, NgaySangTao, DonGiaSP, GiamGiaSP) VALUES (2050,'SANPHAM', N'RED APPLES 2', null,455000,55000)
GO

INSERT [dbo].[NGUYENLIEU] (MaNL, Loai, TenNL, DonViTinh, DonGiaNL, SoLuongKHO, SoLuongToiThieu) VALUES (1,'NGUYENLIEU',N'Babi đỏ',N'Cành',30000, 12333,1300)
INSERT [dbo].[NGUYENLIEU] (MaNL, Loai, TenNL, DonViTinh, DonGiaNL, SoLuongKHO, SoLuongToiThieu) VALUES (2,'NGUYENLIEU',N'Babi trắng',N'Cành',30000, 1234,1300)
INSERT [dbo].[NGUYENLIEU] (MaNL, Loai, TenNL, DonViTinh, DonGiaNL, SoLuongKHO, SoLuongToiThieu) VALUES (3,'NGUYENLIEU',N'Babi xịt hồng',N'Cành',30000, 5433,1300)
INSERT [dbo].[NGUYENLIEU] (MaNL, Loai, TenNL, DonViTinh, DonGiaNL, SoLuongKHO, SoLuongToiThieu) VALUES (4,'NGUYENLIEU',N'Bình men sứ 25 x 16,5',N'Cái',75000, 123,200)
INSERT [dbo].[NGUYENLIEU] (MaNL, Loai, TenNL, DonViTinh, DonGiaNL, SoLuongKHO, SoLuongToiThieu) VALUES (5,'NGUYENLIEU',N'Bình men sứ 25 x 20',N'Cái',75000, 334,200)
INSERT [dbo].[NGUYENLIEU] (MaNL, Loai, TenNL, DonViTinh, DonGiaNL, SoLuongKHO, SoLuongToiThieu) VALUES (6,'NGUYENLIEU',N'Bình nhựa hình ly',N'Cái',75000, 1233,500)
INSERT [dbo].[NGUYENLIEU] (MaNL, Loai, TenNL, DonViTinh, DonGiaNL, SoLuongKHO, SoLuongToiThieu) VALUES (7,'NGUYENLIEU',N'Bình thủy tinh trứng: 25 x 12',N'Cái',75000, 54,200)
INSERT [dbo].[NGUYENLIEU] (MaNL, Loai, TenNL, DonViTinh, DonGiaNL, SoLuongKHO, SoLuongToiThieu) VALUES (8,'NGUYENLIEU',N'Bình thủy tinh hình trụ: 25 x 12',N'Cái',30000, 43,50)
INSERT [dbo].[NGUYENLIEU] (MaNL, Loai, TenNL, DonViTinh, DonGiaNL, SoLuongKHO, SoLuongToiThieu) VALUES (9,'NGUYENLIEU',N'Cẩm chướng chùm hồng nhạt',N'Cành',30000, 1232,1300)
INSERT [dbo].[NGUYENLIEU] (MaNL, Loai, TenNL, DonViTinh, DonGiaNL, SoLuongKHO, SoLuongToiThieu) VALUES (10,'NGUYENLIEU',N'Cẩm chướng chùm trắng',N'Cành',30000, 1554,1300)
INSERT [dbo].[NGUYENLIEU] (MaNL, Loai, TenNL, DonViTinh, DonGiaNL, SoLuongKHO, SoLuongToiThieu) VALUES (11,'NGUYENLIEU',N'Cẩm chướng chùm vàng',N'Cành',30000, 644,1300)
INSERT [dbo].[NGUYENLIEU] (MaNL, Loai, TenNL, DonViTinh, DonGiaNL, SoLuongKHO, SoLuongToiThieu) VALUES (12,'NGUYENLIEU',N'Cẩm chướng đơn hồng',N'Cành',30000, 2321,1300)
INSERT [dbo].[NGUYENLIEU] (MaNL, Loai, TenNL, DonViTinh, DonGiaNL, SoLuongKHO, SoLuongToiThieu) VALUES (13,'NGUYENLIEU',N'Cẩm chướng đơn tím',N'Cành',30000, 3123,1300)
INSERT [dbo].[NGUYENLIEU] (MaNL, Loai, TenNL, DonViTinh, DonGiaNL, SoLuongKHO, SoLuongToiThieu) VALUES (14,'NGUYENLIEU',N'Cẩm chướng đơn trắng',N'Cành',30000, 3124,1300)
INSERT [dbo].[NGUYENLIEU] (MaNL, Loai, TenNL, DonViTinh, DonGiaNL, SoLuongKHO, SoLuongToiThieu) VALUES (15,'NGUYENLIEU',N'Cẩm chướng đơn vàng',N'Cành',30000, 1112,1300)
INSERT [dbo].[NGUYENLIEU] (MaNL, Loai, TenNL, DonViTinh, DonGiaNL, SoLuongKHO, SoLuongToiThieu) VALUES (16,'NGUYENLIEU',N'Cẩm chướng đơn viền tím',N'Cành',30000, 4432,1300)
INSERT [dbo].[NGUYENLIEU] (MaNL, Loai, TenNL, DonViTinh, DonGiaNL, SoLuongKHO, SoLuongToiThieu) VALUES (17,'NGUYENLIEU',N'cẩm chướng đơn xanh',N'Cành',30000, 1244,1300)
INSERT [dbo].[NGUYENLIEU] (MaNL, Loai, TenNL, DonViTinh, DonGiaNL, SoLuongKHO, SoLuongToiThieu) VALUES (18,'NGUYENLIEU',N'Cẩm chướng viền cam',N'Cành',30000, 543,1300)
INSERT [dbo].[NGUYENLIEU] (MaNL, Loai, TenNL, DonViTinh, DonGiaNL, SoLuongKHO, SoLuongToiThieu) VALUES (19,'NGUYENLIEU',N'Cam Mỹ',N'Quả',50000, 1300,1300)
INSERT [dbo].[NGUYENLIEU] (MaNL, Loai, TenNL, DonViTinh, DonGiaNL, SoLuongKHO, SoLuongToiThieu) VALUES (20,'NGUYENLIEU',N'Cẩm tú cầu xanh',N'Cành',30000, 1234,1300)
INSERT [dbo].[NGUYENLIEU] (MaNL, Loai, TenNL, DonViTinh, DonGiaNL, SoLuongKHO, SoLuongToiThieu) VALUES (21,'NGUYENLIEU',N'Cành cẩm chướng đơn trắng',N'Cành',15000, 3322,1300)
INSERT [dbo].[NGUYENLIEU] (MaNL, Loai, TenNL, DonViTinh, DonGiaNL, SoLuongKHO, SoLuongToiThieu) VALUES (22,'NGUYENLIEU',N'Cành cát tường tím viền',N'Cành',15000, 3434,1300)
INSERT [dbo].[NGUYENLIEU] (MaNL, Loai, TenNL, DonViTinh, DonGiaNL, SoLuongKHO, SoLuongToiThieu) VALUES (23,'NGUYENLIEU',N'Cành cát tường xanh bơ',N'Cành',15000, 2352,1300)
INSERT [dbo].[NGUYENLIEU] (MaNL, Loai, TenNL, DonViTinh, DonGiaNL, SoLuongKHO, SoLuongToiThieu) VALUES (24,'NGUYENLIEU',N'Cành cúc rossi tím',N'Cành',15000,2342 ,1300)
INSERT [dbo].[NGUYENLIEU] (MaNL, Loai, TenNL, DonViTinh, DonGiaNL, SoLuongKHO, SoLuongToiThieu) VALUES (25,'NGUYENLIEU',N'Cành Cúc rossu vàng sunny',N'Cành',15000,6434 ,1300)
INSERT [dbo].[NGUYENLIEU] (MaNL, Loai, TenNL, DonViTinh, DonGiaNL, SoLuongKHO, SoLuongToiThieu) VALUES (26,'NGUYENLIEU',N'Cành green wicky',N'Cành',15000, 3324,1300)
INSERT [dbo].[NGUYENLIEU] (MaNL, Loai, TenNL, DonViTinh, DonGiaNL, SoLuongKHO, SoLuongToiThieu) VALUES (27,'NGUYENLIEU',N'Cánh Hoa Sao tím',N'Cành',15000, 663,1300)
INSERT [dbo].[NGUYENLIEU] (MaNL, Loai, TenNL, DonViTinh, DonGiaNL, SoLuongKHO, SoLuongToiThieu) VALUES (28,'NGUYENLIEU',N'Cành hồng đỏ ớt',N'Cành',15000, 4456,1300)
INSERT [dbo].[NGUYENLIEU] (MaNL, Loai, TenNL, DonViTinh, DonGiaNL, SoLuongKHO, SoLuongToiThieu) VALUES (29,'NGUYENLIEU',N'Cành hồng trứng gà',N'Cành',15000, 5532,1300)
INSERT [dbo].[NGUYENLIEU] (MaNL, Loai, TenNL, DonViTinh, DonGiaNL, SoLuongKHO, SoLuongToiThieu) VALUES (30,'NGUYENLIEU',N'Cành hướng dương',N'Cành',15000, 3564,1300)
INSERT [dbo].[NGUYENLIEU] (MaNL, Loai, TenNL, DonViTinh, DonGiaNL, SoLuongKHO, SoLuongToiThieu) VALUES (31,'NGUYENLIEU',N'Cành lan vũ nữ vàng',N'Cành',15000, 8665,1300)
INSERT [dbo].[NGUYENLIEU] (MaNL, Loai, TenNL, DonViTinh, DonGiaNL, SoLuongKHO, SoLuongToiThieu) VALUES (32,'NGUYENLIEU',N'Cành mõm sói',N'Cành',15000, 5665,1300)
INSERT [dbo].[NGUYENLIEU] (MaNL, Loai, TenNL, DonViTinh, DonGiaNL, SoLuongKHO, SoLuongToiThieu) VALUES (33,'NGUYENLIEU',N'Cành mõm sói song hỷ',N'Cành',15000, 4456,1300)
INSERT [dbo].[NGUYENLIEU] (MaNL, Loai, TenNL, DonViTinh, DonGiaNL, SoLuongKHO, SoLuongToiThieu) VALUES (34,'NGUYENLIEU',N'Cát tường hồng viền',N'Cành',30000, 7654,1300)
INSERT [dbo].[NGUYENLIEU] (MaNL, Loai, TenNL, DonViTinh, DonGiaNL, SoLuongKHO, SoLuongToiThieu) VALUES (35,'NGUYENLIEU',N'Cát tường trắng',N'Cành',30000, 1233,1300)
INSERT [dbo].[NGUYENLIEU] (MaNL, Loai, TenNL, DonViTinh, DonGiaNL, SoLuongKHO, SoLuongToiThieu) VALUES (36,'NGUYENLIEU',N'Cát tường xanh',N'Cành',30000,456 ,1300)
INSERT [dbo].[NGUYENLIEU] (MaNL, Loai, TenNL, DonViTinh, DonGiaNL, SoLuongKHO, SoLuongToiThieu) VALUES (37,'NGUYENLIEU',N'Cành Hồ điệp trắng',N'Cành',15000, 643,1300)
INSERT [dbo].[NGUYENLIEU] (MaNL, Loai, TenNL, DonViTinh, DonGiaNL, SoLuongKHO, SoLuongToiThieu) VALUES (38,'NGUYENLIEU',N'Chậu gỗ hình nón',N'Chậu',60000, 123,500)
INSERT [dbo].[NGUYENLIEU] (MaNL, Loai, TenNL, DonViTinh, DonGiaNL, SoLuongKHO, SoLuongToiThieu) VALUES (39,'NGUYENLIEU',N'Chậu gỗ lập phương',N'Chậu',60000, 543,500)
INSERT [dbo].[NGUYENLIEU] (MaNL, Loai, TenNL, DonViTinh, DonGiaNL, SoLuongKHO, SoLuongToiThieu) VALUES (40,'NGUYENLIEU',N'Chậu sứ tổ ong',N'Chậu',50000, 123,200)
INSERT [dbo].[NGUYENLIEU] (MaNL, Loai, TenNL, DonViTinh, DonGiaNL, SoLuongKHO, SoLuongToiThieu) VALUES (41,'NGUYENLIEU',N'Chậu sứ trắng',N'Chậu',65000, 332,200)
INSERT [dbo].[NGUYENLIEU] (MaNL, Loai, TenNL, DonViTinh, DonGiaNL, SoLuongKHO, SoLuongToiThieu) VALUES (42,'NGUYENLIEU',N'Cúc calimero tím',N'Cành',30000,4124 ,1300)
INSERT [dbo].[NGUYENLIEU] (MaNL, Loai, TenNL, DonViTinh, DonGiaNL, SoLuongKHO, SoLuongToiThieu) VALUES (43,'NGUYENLIEU',N'Cúc calimero trắng',N'Cành',30000, 234,1300)
INSERT [dbo].[NGUYENLIEU] (MaNL, Loai, TenNL, DonViTinh, DonGiaNL, SoLuongKHO, SoLuongToiThieu) VALUES (44,'NGUYENLIEU',N'Cúc calimero vàng nhụy nâu',N'Cành',30000, 1242,1300)
INSERT [dbo].[NGUYENLIEU] (MaNL, Loai, TenNL, DonViTinh, DonGiaNL, SoLuongKHO, SoLuongToiThieu) VALUES (45,'NGUYENLIEU',N'Cúc mai hồng',N'Cành',30000, 1544,1300)
INSERT [dbo].[NGUYENLIEU] (MaNL, Loai, TenNL, DonViTinh, DonGiaNL, SoLuongKHO, SoLuongToiThieu) VALUES (46,'NGUYENLIEU',N'Cúc ping pong hồng',N'Cành',30000, 1255,1300)
INSERT [dbo].[NGUYENLIEU] (MaNL, Loai, TenNL, DonViTinh, DonGiaNL, SoLuongKHO, SoLuongToiThieu) VALUES (47,'NGUYENLIEU',N'Cúc Ping Pong Vàng',N'Cành',30000, 1654,1300)
INSERT [dbo].[NGUYENLIEU] (MaNL, Loai, TenNL, DonViTinh, DonGiaNL, SoLuongKHO, SoLuongToiThieu) VALUES (48,'NGUYENLIEU',N'Cúc rossi hồng',N'Cành',30000, 515,1300)
INSERT [dbo].[NGUYENLIEU] (MaNL, Loai, TenNL, DonViTinh, DonGiaNL, SoLuongKHO, SoLuongToiThieu) VALUES (49,'NGUYENLIEU',N'Cúc tana',N'Cành',30000, 1785,1300)
INSERT [dbo].[NGUYENLIEU] (MaNL, Loai, TenNL, DonViTinh, DonGiaNL, SoLuongKHO, SoLuongToiThieu) VALUES (50,'NGUYENLIEU',N'Cúc trắng',N'Cành',30000, 1766,1300)
INSERT [dbo].[NGUYENLIEU] (MaNL, Loai, TenNL, DonViTinh, DonGiaNL, SoLuongKHO, SoLuongToiThieu) VALUES (51,'NGUYENLIEU',N'Dây thừng kraft',N'Cuộn',30000, 1233,800)
INSERT [dbo].[NGUYENLIEU] (MaNL, Loai, TenNL, DonViTinh, DonGiaNL, SoLuongKHO, SoLuongToiThieu) VALUES (52,'NGUYENLIEU',N'Đinh lăng',N'Cành',30000,1231 ,1300)
INSERT [dbo].[NGUYENLIEU] (MaNL, Loai, TenNL, DonViTinh, DonGiaNL, SoLuongKHO, SoLuongToiThieu) VALUES (53,'NGUYENLIEU',N'Đồng tiền đỏ',N'Cành',30000, 1242,1300)
INSERT [dbo].[NGUYENLIEU] (MaNL, Loai, TenNL, DonViTinh, DonGiaNL, SoLuongKHO, SoLuongToiThieu) VALUES (54,'NGUYENLIEU',N'Đồng tiền hồng nhí',N'Cành',30000,4124 ,1300)
INSERT [dbo].[NGUYENLIEU] (MaNL, Loai, TenNL, DonViTinh, DonGiaNL, SoLuongKHO, SoLuongToiThieu) VALUES (55,'NGUYENLIEU',N'Giá treo',N'Giá',40000,421 ,900)
INSERT [dbo].[NGUYENLIEU] (MaNL, Loai, TenNL, DonViTinh, DonGiaNL, SoLuongKHO, SoLuongToiThieu) VALUES (56,'NGUYENLIEU',N'Giấy gói',N'Tờ',10000, 5466,4000)
INSERT [dbo].[NGUYENLIEU] (MaNL, Loai, TenNL, DonViTinh, DonGiaNL, SoLuongKHO, SoLuongToiThieu) VALUES (57,'NGUYENLIEU',N'Giấy trang trí',N'Tờ',10000, 23454,6000)
INSERT [dbo].[NGUYENLIEU] (MaNL, Loai, TenNL, DonViTinh, DonGiaNL, SoLuongKHO, SoLuongToiThieu) VALUES (58,'NGUYENLIEU',N'Giỏ đan nâu',N'Giỏ',56000, 342,500)
INSERT [dbo].[NGUYENLIEU] (MaNL, Loai, TenNL, DonViTinh, DonGiaNL, SoLuongKHO, SoLuongToiThieu) VALUES (59,'NGUYENLIEU',N'Giỏ đan ngà',N'Giỏ',56000, 4323,500)
INSERT [dbo].[NGUYENLIEU] (MaNL, Loai, TenNL, DonViTinh, DonGiaNL, SoLuongKHO, SoLuongToiThieu) VALUES (60,'NGUYENLIEU',N'Giỏ nhựa đen',N'Giỏ',56000, 423,500)
INSERT [dbo].[NGUYENLIEU] (MaNL, Loai, TenNL, DonViTinh, DonGiaNL, SoLuongKHO, SoLuongToiThieu) VALUES (61,'NGUYENLIEU',N'Hồ điệp tím',N'Cành',30000,1353 ,1300)
INSERT [dbo].[NGUYENLIEU] (MaNL, Loai, TenNL, DonViTinh, DonGiaNL, SoLuongKHO, SoLuongToiThieu) VALUES (62,'NGUYENLIEU',N'Hoa baby',N'Cành',30000, 1534,1300)
INSERT [dbo].[NGUYENLIEU] (MaNL, Loai, TenNL, DonViTinh, DonGiaNL, SoLuongKHO, SoLuongToiThieu) VALUES (63,'NGUYENLIEU',N'Hoa lá phụ khác',N'Cành',30000,9443 ,4000)
INSERT [dbo].[NGUYENLIEU] (MaNL, Loai, TenNL, DonViTinh, DonGiaNL, SoLuongKHO, SoLuongToiThieu) VALUES (64,'NGUYENLIEU',N'Hoa mimi',N'Cành',30000,1234 ,1300)
INSERT [dbo].[NGUYENLIEU] (MaNL, Loai, TenNL, DonViTinh, DonGiaNL, SoLuongKHO, SoLuongToiThieu) VALUES (65,'NGUYENLIEU',N'Hoa sao tím',N'Cành',30000, 4234,1300)
INSERT [dbo].[NGUYENLIEU] (MaNL, Loai, TenNL, DonViTinh, DonGiaNL, SoLuongKHO, SoLuongToiThieu) VALUES (66,'NGUYENLIEU',N'Hoa sao vàng',N'Cành',30000,5543 ,1300)
INSERT [dbo].[NGUYENLIEU] (MaNL, Loai, TenNL, DonViTinh, DonGiaNL, SoLuongKHO, SoLuongToiThieu) VALUES (67,'NGUYENLIEU',N'Hoa thạch thảo tím',N'Cành',30000,1244 ,1300)
INSERT [dbo].[NGUYENLIEU] (MaNL, Loai, TenNL, DonViTinh, DonGiaNL, SoLuongKHO, SoLuongToiThieu) VALUES (68,'NGUYENLIEU',N'Hồng da',N'Cành',30000, 5345,1300)
INSERT [dbo].[NGUYENLIEU] (MaNL, Loai, TenNL, DonViTinh, DonGiaNL, SoLuongKHO, SoLuongToiThieu) VALUES (69,'NGUYENLIEU',N'Hồng da cồ',N'Cành',30000,64574 ,1300)
INSERT [dbo].[NGUYENLIEU] (MaNL, Loai, TenNL, DonViTinh, DonGiaNL, SoLuongKHO, SoLuongToiThieu) VALUES (70,'NGUYENLIEU',N'Hồng đỏ ớt',N'Cành',30000,2342 ,1300)
INSERT [dbo].[NGUYENLIEU] (MaNL, Loai, TenNL, DonViTinh, DonGiaNL, SoLuongKHO, SoLuongToiThieu) VALUES (71,'NGUYENLIEU',N'Hồng đỏ red naomi',N'Cành',30000, 2534,1300)
INSERT [dbo].[NGUYENLIEU] (MaNL, Loai, TenNL, DonViTinh, DonGiaNL, SoLuongKHO, SoLuongToiThieu) VALUES (72,'NGUYENLIEU',N'Hồng đỏ sa',N'Cành',30000, 5346,1300)
INSERT [dbo].[NGUYENLIEU] (MaNL, Loai, TenNL, DonViTinh, DonGiaNL, SoLuongKHO, SoLuongToiThieu) VALUES (73,'NGUYENLIEU',N'Hồng red elegance',N'Cành',30000, 2355,1300)
INSERT [dbo].[NGUYENLIEU] (MaNL, Loai, TenNL, DonViTinh, DonGiaNL, SoLuongKHO, SoLuongToiThieu) VALUES (74,'NGUYENLIEU',N'Hồng sa',N'Cành',30000, 6543,1300)
INSERT [dbo].[NGUYENLIEU] (MaNL, Loai, TenNL, DonViTinh, DonGiaNL, SoLuongKHO, SoLuongToiThieu) VALUES (75,'NGUYENLIEU',N'Hồng sen',N'Cành',30000, 1241,1300)
INSERT [dbo].[NGUYENLIEU] (MaNL, Loai, TenNL, DonViTinh, DonGiaNL, SoLuongKHO, SoLuongToiThieu) VALUES (76,'NGUYENLIEU',N'Hồng sen mới',N'Cành',30000, 1665,1300)
INSERT [dbo].[NGUYENLIEU] (MaNL, Loai, TenNL, DonViTinh, DonGiaNL, SoLuongKHO, SoLuongToiThieu) VALUES (77,'NGUYENLIEU',N'Hồng song hỷ cồ',N'Cành',30000, 1244,1300)
INSERT [dbo].[NGUYENLIEU] (MaNL, Loai, TenNL, DonViTinh, DonGiaNL, SoLuongKHO, SoLuongToiThieu) VALUES (78,'NGUYENLIEU',N'Hồng thẩm',N'Cành',30000, 1256,1300)
INSERT [dbo].[NGUYENLIEU] (MaNL, Loai, TenNL, DonViTinh, DonGiaNL, SoLuongKHO, SoLuongToiThieu) VALUES (79,'NGUYENLIEU',N'Hồng tím cà',N'Cành',30000, 1543,1300)
INSERT [dbo].[NGUYENLIEU] (MaNL, Loai, TenNL, DonViTinh, DonGiaNL, SoLuongKHO, SoLuongToiThieu) VALUES (80,'NGUYENLIEU',N'Hồng tím nhí',N'Cành',30000, 1766,1300)
INSERT [dbo].[NGUYENLIEU] (MaNL, Loai, TenNL, DonViTinh, DonGiaNL, SoLuongKHO, SoLuongToiThieu) VALUES (81,'NGUYENLIEU',N'Hồng trắng',N'Cành',30000, 1266,1300)
INSERT [dbo].[NGUYENLIEU] (MaNL, Loai, TenNL, DonViTinh, DonGiaNL, SoLuongKHO, SoLuongToiThieu) VALUES (82,'NGUYENLIEU',N'Hồng trắng cồ',N'Cành',30000, 1265,1300)
INSERT [dbo].[NGUYENLIEU] (MaNL, Loai, TenNL, DonViTinh, DonGiaNL, SoLuongKHO, SoLuongToiThieu) VALUES (83,'NGUYENLIEU',N'Hồng trắng nhí',N'Cành',30000, 1265,1300)
INSERT [dbo].[NGUYENLIEU] (MaNL, Loai, TenNL, DonViTinh, DonGiaNL, SoLuongKHO, SoLuongToiThieu) VALUES (84,'NGUYENLIEU',N'Hồng trứng gà',N'Cành',30000, 1245,1300)
INSERT [dbo].[NGUYENLIEU] (MaNL, Loai, TenNL, DonViTinh, DonGiaNL, SoLuongKHO, SoLuongToiThieu) VALUES (85,'NGUYENLIEU',N'Hồng vàng mật ong',N'Cành',30000, 6532,1300)
INSERT [dbo].[NGUYENLIEU] (MaNL, Loai, TenNL, DonViTinh, DonGiaNL, SoLuongKHO, SoLuongToiThieu) VALUES (86,'NGUYENLIEU',N'Hộp đan lập phương nâu',N'Cái',30000, 125,300)
INSERT [dbo].[NGUYENLIEU] (MaNL, Loai, TenNL, DonViTinh, DonGiaNL, SoLuongKHO, SoLuongToiThieu) VALUES (87,'NGUYENLIEU',N'Hộp đan tròn trắng ngà',N'Cái',30000,125 ,300)
INSERT [dbo].[NGUYENLIEU] (MaNL, Loai, TenNL, DonViTinh, DonGiaNL, SoLuongKHO, SoLuongToiThieu) VALUES (88,'NGUYENLIEU',N'Hộp nhựa',N'Cái',30000,1245 ,300)
INSERT [dbo].[NGUYENLIEU] (MaNL, Loai, TenNL, DonViTinh, DonGiaNL, SoLuongKHO, SoLuongToiThieu) VALUES (89,'NGUYENLIEU',N'Hộp nhựa trụ đen óng',N'Cái',30000, 566,300)
INSERT [dbo].[NGUYENLIEU] (MaNL, Loai, TenNL, DonViTinh, DonGiaNL, SoLuongKHO, SoLuongToiThieu) VALUES (90,'NGUYENLIEU',N'Hộp nhựa trụ lục giác hồng cánh sen',N'Cái',30000, 432,300)
INSERT [dbo].[NGUYENLIEU] (MaNL, Loai, TenNL, DonViTinh, DonGiaNL, SoLuongKHO, SoLuongToiThieu) VALUES (91,'NGUYENLIEU',N'Hộp trụ xanh trời',N'Cái',30000,534 ,300)
INSERT [dbo].[NGUYENLIEU] (MaNL, Loai, TenNL, DonViTinh, DonGiaNL, SoLuongKHO, SoLuongToiThieu) VALUES (92,'NGUYENLIEU',N'Hướng dương',N'Cành',30000, 4324,1300)
INSERT [dbo].[NGUYENLIEU] (MaNL, Loai, TenNL, DonViTinh, DonGiaNL, SoLuongKHO, SoLuongToiThieu) VALUES (93,'NGUYENLIEU',N'Kiwi ',N'Cành',90000, 5235,1300)
INSERT [dbo].[NGUYENLIEU] (MaNL, Loai, TenNL, DonViTinh, DonGiaNL, SoLuongKHO, SoLuongToiThieu) VALUES (94,'NGUYENLIEU',N'Kỳ lân A',N'Cành',30000, 1234,1300)
INSERT [dbo].[NGUYENLIEU] (MaNL, Loai, TenNL, DonViTinh, DonGiaNL, SoLuongKHO, SoLuongToiThieu) VALUES (95,'NGUYENLIEU',N'Lá bạc',N'Cành',30000, 4433,1300)
INSERT [dbo].[NGUYENLIEU] (MaNL, Loai, TenNL, DonViTinh, DonGiaNL, SoLuongKHO, SoLuongToiThieu) VALUES (96,'NGUYENLIEU',N'Lá chanh',N'Cành',30000, 1255,1300)
INSERT [dbo].[NGUYENLIEU] (MaNL, Loai, TenNL, DonViTinh, DonGiaNL, SoLuongKHO, SoLuongToiThieu) VALUES (97,'NGUYENLIEU',N'Lá đuôi chồn',N'Cành',30000, 125,1300)
INSERT [dbo].[NGUYENLIEU] (MaNL, Loai, TenNL, DonViTinh, DonGiaNL, SoLuongKHO, SoLuongToiThieu) VALUES (98,'NGUYENLIEU',N'Lá huyết dụ',N'Cành',30000, 3324,1300)
INSERT [dbo].[NGUYENLIEU] (MaNL, Loai, TenNL, DonViTinh, DonGiaNL, SoLuongKHO, SoLuongToiThieu) VALUES (99,'NGUYENLIEU',N'Lá trúc nâu',N'Cành',30000, 6344,1300)
INSERT [dbo].[NGUYENLIEU] (MaNL, Loai, TenNL, DonViTinh, DonGiaNL, SoLuongKHO, SoLuongToiThieu) VALUES (100,'NGUYENLIEU',N'Lá tùng thơm',N'Cành',30000, 4325,1300)
INSERT [dbo].[NGUYENLIEU] (MaNL, Loai, TenNL, DonViTinh, DonGiaNL, SoLuongKHO, SoLuongToiThieu) VALUES (101,'NGUYENLIEU',N'Lan Moka vàng nến',N'Cành',30000, 2356,1300)
INSERT [dbo].[NGUYENLIEU] (MaNL, Loai, TenNL, DonViTinh, DonGiaNL, SoLuongKHO, SoLuongToiThieu) VALUES (102,'NGUYENLIEU',N'Lan mokara vàng',N'Cành',30000, 4266,1300)
INSERT [dbo].[NGUYENLIEU] (MaNL, Loai, TenNL, DonViTinh, DonGiaNL, SoLuongKHO, SoLuongToiThieu) VALUES (103,'NGUYENLIEU',N'Lan thái trắng',N'Cành',30000, 3466,1300)
INSERT [dbo].[NGUYENLIEU] (MaNL, Loai, TenNL, DonViTinh, DonGiaNL, SoLuongKHO, SoLuongToiThieu) VALUES (104,'NGUYENLIEU',N'Lan trắng vườn',N'Cành',30000, 2365,1300)
INSERT [dbo].[NGUYENLIEU] (MaNL, Loai, TenNL, DonViTinh, DonGiaNL, SoLuongKHO, SoLuongToiThieu) VALUES (105,'NGUYENLIEU',N'Lan vũ nữ',N'Cành',30000, 2353,1300)
INSERT [dbo].[NGUYENLIEU] (MaNL, Loai, TenNL, DonViTinh, DonGiaNL, SoLuongKHO, SoLuongToiThieu) VALUES (106,'NGUYENLIEU',N'Lan vườn tím',N'Cành',30000, 2355,1300)
INSERT [dbo].[NGUYENLIEU] (MaNL, Loai, TenNL, DonViTinh, DonGiaNL, SoLuongKHO, SoLuongToiThieu) VALUES (107,'NGUYENLIEU',N'Lê Mỹ',N'Cành',30000, 1234,1300)
INSERT [dbo].[NGUYENLIEU] (MaNL, Loai, TenNL, DonViTinh, DonGiaNL, SoLuongKHO, SoLuongToiThieu) VALUES (108,'NGUYENLIEU',N'Lily hồng',N'Cành',30000, 5144,1300)
INSERT [dbo].[NGUYENLIEU] (MaNL, Loai, TenNL, DonViTinh, DonGiaNL, SoLuongKHO, SoLuongToiThieu) VALUES (109,'NGUYENLIEU',N'Lily trắng',N'Cành',30000, 1244,1300)
INSERT [dbo].[NGUYENLIEU] (MaNL, Loai, TenNL, DonViTinh, DonGiaNL, SoLuongKHO, SoLuongToiThieu) VALUES (110,'NGUYENLIEU',N'Ly hồng',N'Cành',30000, 4234,1300)
INSERT [dbo].[NGUYENLIEU] (MaNL, Loai, TenNL, DonViTinh, DonGiaNL, SoLuongKHO, SoLuongToiThieu) VALUES (111,'NGUYENLIEU',N'Mõm sói hồng đậm',N'Cành',30000, 1244,1300)
INSERT [dbo].[NGUYENLIEU] (MaNL, Loai, TenNL, DonViTinh, DonGiaNL, SoLuongKHO, SoLuongToiThieu) VALUES (112,'NGUYENLIEU',N'Mõm sói song hỷ',N'Cành',30000, 523,1300)
INSERT [dbo].[NGUYENLIEU] (MaNL, Loai, TenNL, DonViTinh, DonGiaNL, SoLuongKHO, SoLuongToiThieu) VALUES (113,'NGUYENLIEU',N'Mõm sói trắng',N'Cành',30000, 2345,1300)
INSERT [dbo].[NGUYENLIEU] (MaNL, Loai, TenNL, DonViTinh, DonGiaNL, SoLuongKHO, SoLuongToiThieu) VALUES (114,'NGUYENLIEU',N'Mõm sói vàng',N'Cành',30000, 2344,1300)
INSERT [dbo].[NGUYENLIEU] (MaNL, Loai, TenNL, DonViTinh, DonGiaNL, SoLuongKHO, SoLuongToiThieu) VALUES (115,'NGUYENLIEU',N'Môn đỏ',N'Cành',30000, 7455,1300)
INSERT [dbo].[NGUYENLIEU] (MaNL, Loai, TenNL, DonViTinh, DonGiaNL, SoLuongKHO, SoLuongToiThieu) VALUES (116,'NGUYENLIEU',N'Môn trắng',N'Cành',30000, 4563,1300)
INSERT [dbo].[NGUYENLIEU] (MaNL, Loai, TenNL, DonViTinh, DonGiaNL, SoLuongKHO, SoLuongToiThieu) VALUES (117,'NGUYENLIEU',N'Nho đen Mỹ',N'Kg',80000, 3467,1300)
INSERT [dbo].[NGUYENLIEU] (MaNL, Loai, TenNL, DonViTinh, DonGiaNL, SoLuongKHO, SoLuongToiThieu) VALUES (118,'NGUYENLIEU',N'Nơ hồng',N'Chiếc',4000,2356 ,1300)
INSERT [dbo].[NGUYENLIEU] (MaNL, Loai, TenNL, DonViTinh, DonGiaNL, SoLuongKHO, SoLuongToiThieu) VALUES (119,'NGUYENLIEU',N'Ống tre trang trí',N'Cái',5000, 3456,1300)
INSERT [dbo].[NGUYENLIEU] (MaNL, Loai, TenNL, DonViTinh, DonGiaNL, SoLuongKHO, SoLuongToiThieu) VALUES (120,'NGUYENLIEU',N'Pink Ohara',N'Cành',30000,3465 ,1300)
INSERT [dbo].[NGUYENLIEU] (MaNL, Loai, TenNL, DonViTinh, DonGiaNL, SoLuongKHO, SoLuongToiThieu) VALUES (121,'NGUYENLIEU',N'Purple Ohara',N'Cành',30000,3456 ,1300)
INSERT [dbo].[NGUYENLIEU] (MaNL, Loai, TenNL, DonViTinh, DonGiaNL, SoLuongKHO, SoLuongToiThieu) VALUES (122,'NGUYENLIEU',N'Ruy băng đen hồng',N'Cuộn',12000, 2345,1300)
INSERT [dbo].[NGUYENLIEU] (MaNL, Loai, TenNL, DonViTinh, DonGiaNL, SoLuongKHO, SoLuongToiThieu) VALUES (123,'NGUYENLIEU',N'Ruy băng hồng',N'Cuộn',12000, 6456,1300)
INSERT [dbo].[NGUYENLIEU] (MaNL, Loai, TenNL, DonViTinh, DonGiaNL, SoLuongKHO, SoLuongToiThieu) VALUES (124,'NGUYENLIEU',N'Ruy băng nâu',N'Cuộn',12000, 2345,1300)
INSERT [dbo].[NGUYENLIEU] (MaNL, Loai, TenNL, DonViTinh, DonGiaNL, SoLuongKHO, SoLuongToiThieu) VALUES (125,'NGUYENLIEU',N'Ruy băng tím',N'Cuộn',12000, 2345,1300)
INSERT [dbo].[NGUYENLIEU] (MaNL, Loai, TenNL, DonViTinh, DonGiaNL, SoLuongKHO, SoLuongToiThieu) VALUES (126,'NGUYENLIEU',N'Ruy băng trắng',N'Cuộn',12000, 23535,1300)
INSERT [dbo].[NGUYENLIEU] (MaNL, Loai, TenNL, DonViTinh, DonGiaNL, SoLuongKHO, SoLuongToiThieu) VALUES (127,'NGUYENLIEU',N'Ruy băng trắng đỏ ',N'Cuộn',12000,2356 ,1300)
INSERT [dbo].[NGUYENLIEU] (MaNL, Loai, TenNL, DonViTinh, DonGiaNL, SoLuongKHO, SoLuongToiThieu) VALUES (128,'NGUYENLIEU',N'Ruy băng vãi xám trắng',N'Cuộn',12000, 2351,1300)
INSERT [dbo].[NGUYENLIEU] (MaNL, Loai, TenNL, DonViTinh, DonGiaNL, SoLuongKHO, SoLuongToiThieu) VALUES (129,'NGUYENLIEU',N'Ruy băng vàng',N'Cuộn',12000, 6433,1300)
INSERT [dbo].[NGUYENLIEU] (MaNL, Loai, TenNL, DonViTinh, DonGiaNL, SoLuongKHO, SoLuongToiThieu) VALUES (130,'NGUYENLIEU',N'Ruy băng xanh lục',N'Cuộn',12000, 5675,1300)
INSERT [dbo].[NGUYENLIEU] (MaNL, Loai, TenNL, DonViTinh, DonGiaNL, SoLuongKHO, SoLuongToiThieu) VALUES (131,'NGUYENLIEU',N'Ruy băng xanh nâu',N'Cuộn',12000, 2345,1300)
INSERT [dbo].[NGUYENLIEU] (MaNL, Loai, TenNL, DonViTinh, DonGiaNL, SoLuongKHO, SoLuongToiThieu) VALUES (132,'NGUYENLIEU',N'Sao tím',N'Cành',30000, 4124,1300)
INSERT [dbo].[NGUYENLIEU] (MaNL, Loai, TenNL, DonViTinh, DonGiaNL, SoLuongKHO, SoLuongToiThieu) VALUES (133,'NGUYENLIEU',N'Sen đá',N'Cành',30000, 5234,1300)
INSERT [dbo].[NGUYENLIEU] (MaNL, Loai, TenNL, DonViTinh, DonGiaNL, SoLuongKHO, SoLuongToiThieu) VALUES (134,'NGUYENLIEU',N'Táo Gala Mỹ',N'Quả',76000, 1234,1300)
INSERT [dbo].[NGUYENLIEU] (MaNL, Loai, TenNL, DonViTinh, DonGiaNL, SoLuongKHO, SoLuongToiThieu) VALUES (135,'NGUYENLIEU',N'Táo Mỹ đỏ',N'Quả',67000,124 ,1300)
INSERT [dbo].[NGUYENLIEU] (MaNL, Loai, TenNL, DonViTinh, DonGiaNL, SoLuongKHO, SoLuongToiThieu) VALUES (136,'NGUYENLIEU',N'Táo Mỹ xanh',N'Quả',64000, 5323,1300)
INSERT [dbo].[NGUYENLIEU] (MaNL, Loai, TenNL, DonViTinh, DonGiaNL, SoLuongKHO, SoLuongToiThieu) VALUES (137,'NGUYENLIEU',N'Thạch thảo',N'Cành',30000, 2356,1300)
GO	

INSERT [dbo].[SANPHAM_CHUDE] (MaSP, ChuDe, LoaiChuDe) VALUES (1000,N'Bánh',N'')
INSERT [dbo].[SANPHAM_CHUDE] (MaSP, ChuDe, LoaiChuDe) VALUES (1001,N'Bánh',N'')
INSERT [dbo].[SANPHAM_CHUDE] (MaSP, ChuDe, LoaiChuDe) VALUES (1002,N'Bánh',N'Socola')
INSERT [dbo].[SANPHAM_CHUDE] (MaSP, ChuDe, LoaiChuDe) VALUES (1003,N'Trang trí',N'')
INSERT [dbo].[SANPHAM_CHUDE] (MaSP, ChuDe, LoaiChuDe) VALUES (1004,N'Trang trí',N'')
INSERT [dbo].[SANPHAM_CHUDE] (MaSP, ChuDe, LoaiChuDe) VALUES (1005,N'Trang trí',N'')
INSERT [dbo].[SANPHAM_CHUDE] (MaSP, ChuDe, LoaiChuDe) VALUES (1006,N'Gấu bông',N'')
INSERT [dbo].[SANPHAM_CHUDE] (MaSP, ChuDe, LoaiChuDe) VALUES (1007,N'Gấu bông',N'')
INSERT [dbo].[SANPHAM_CHUDE] (MaSP, ChuDe, LoaiChuDe) VALUES (1008,N'Cây thông',N'')
INSERT [dbo].[SANPHAM_CHUDE] (MaSP, ChuDe, LoaiChuDe) VALUES (1009,N'Cây thông',N'')
INSERT [dbo].[SANPHAM_CHUDE] (MaSP, ChuDe, LoaiChuDe) VALUES (1010,N'Cây thông',N'')
INSERT [dbo].[SANPHAM_CHUDE] (MaSP, ChuDe, LoaiChuDe) VALUES (1011,N'Cây thông',N'')
INSERT [dbo].[SANPHAM_CHUDE] (MaSP, ChuDe, LoaiChuDe) VALUES (1012,N'Cây thông',N'')
INSERT [dbo].[SANPHAM_CHUDE] (MaSP, ChuDe, LoaiChuDe) VALUES (1013,N'Cây thông',N'')
INSERT [dbo].[SANPHAM_CHUDE] (MaSP, ChuDe, LoaiChuDe) VALUES (1014,N'Cây thông',N'')
INSERT [dbo].[SANPHAM_CHUDE] (MaSP, ChuDe, LoaiChuDe) VALUES (1015,N'Cây thông',N'')
INSERT [dbo].[SANPHAM_CHUDE] (MaSP, ChuDe, LoaiChuDe) VALUES (1016,N'Cây thông',N'')
INSERT [dbo].[SANPHAM_CHUDE] (MaSP, ChuDe, LoaiChuDe) VALUES (1017,N'Cây thông',N'')
INSERT [dbo].[SANPHAM_CHUDE] (MaSP, ChuDe, LoaiChuDe) VALUES (1018,N'Bánh',N'')
INSERT [dbo].[SANPHAM_CHUDE] (MaSP, ChuDe, LoaiChuDe) VALUES (1019,N'Gấu bông',N'')
INSERT [dbo].[SANPHAM_CHUDE] (MaSP, ChuDe, LoaiChuDe) VALUES (1020,N'Gấu bông',N'')
INSERT [dbo].[SANPHAM_CHUDE] (MaSP, ChuDe, LoaiChuDe) VALUES (1021,N'Gấu bông',N'')
INSERT [dbo].[SANPHAM_CHUDE] (MaSP, ChuDe, LoaiChuDe) VALUES (1022,N'Gấu bông',N'')
INSERT [dbo].[SANPHAM_CHUDE] (MaSP, ChuDe, LoaiChuDe) VALUES (1023,N'Gấu bông',N'')
INSERT [dbo].[SANPHAM_CHUDE] (MaSP, ChuDe, LoaiChuDe) VALUES (1024,N'Bánh',N'')
INSERT [dbo].[SANPHAM_CHUDE] (MaSP, ChuDe, LoaiChuDe) VALUES (1025,N'Cây thông',N'')
INSERT [dbo].[SANPHAM_CHUDE] (MaSP, ChuDe, LoaiChuDe) VALUES (1026,N'Gấu bông',N'')
INSERT [dbo].[SANPHAM_CHUDE] (MaSP, ChuDe, LoaiChuDe) VALUES (1027,N'Gấu bông',N'')
INSERT [dbo].[SANPHAM_CHUDE] (MaSP, ChuDe, LoaiChuDe) VALUES (1028,N'Trang trí',N'')
INSERT [dbo].[SANPHAM_CHUDE] (MaSP, ChuDe, LoaiChuDe) VALUES (1029,N'Gấu bông',N'')
INSERT [dbo].[SANPHAM_CHUDE] (MaSP, ChuDe, LoaiChuDe) VALUES (1030,N'Gấu bông',N'')
INSERT [dbo].[SANPHAM_CHUDE] (MaSP, ChuDe, LoaiChuDe) VALUES (1031,N'Bánh',N'')
INSERT [dbo].[SANPHAM_CHUDE] (MaSP, ChuDe, LoaiChuDe) VALUES (1032,N'Cây thông',N'')
INSERT [dbo].[SANPHAM_CHUDE] (MaSP, ChuDe, LoaiChuDe) VALUES (1033,N'Cây thông',N'')
INSERT [dbo].[SANPHAM_CHUDE] (MaSP, ChuDe, LoaiChuDe) VALUES (1034,N'Cây thông',N'')
INSERT [dbo].[SANPHAM_CHUDE] (MaSP, ChuDe, LoaiChuDe) VALUES (1035,N'Cây thông',N'')
INSERT [dbo].[SANPHAM_CHUDE] (MaSP, ChuDe, LoaiChuDe) VALUES (1036,N'Gấu bông',N'')
INSERT [dbo].[SANPHAM_CHUDE] (MaSP, ChuDe, LoaiChuDe) VALUES (1037,N'Gấu bông',N'')
INSERT [dbo].[SANPHAM_CHUDE] (MaSP, ChuDe, LoaiChuDe) VALUES (1038,N'Gấu bông',N'')
INSERT [dbo].[SANPHAM_CHUDE] (MaSP, ChuDe, LoaiChuDe) VALUES (1039,N'Bánh',N'')
INSERT [dbo].[SANPHAM_CHUDE] (MaSP, ChuDe, LoaiChuDe) VALUES (1040,N'Gấu bông',N'')
INSERT [dbo].[SANPHAM_CHUDE] (MaSP, ChuDe, LoaiChuDe) VALUES (1041,N'Bánh',N'')

INSERT [dbo].[SANPHAM_CHUDE] (MaSP, ChuDe, LoaiChuDe) VALUES (2000,N'Bình hoa tươi',N'nhiều màu')
INSERT [dbo].[SANPHAM_CHUDE] (MaSP, ChuDe, LoaiChuDe) VALUES (2001,N'Hoa tình yêu',N'')
INSERT [dbo].[SANPHAM_CHUDE] (MaSP, ChuDe, LoaiChuDe) VALUES (2001,N'Hộp hoa tươi',N'đỏ')
INSERT [dbo].[SANPHAM_CHUDE] (MaSP, ChuDe, LoaiChuDe) VALUES (2002,N'Hoa tình yêu',N'')
INSERT [dbo].[SANPHAM_CHUDE] (MaSP, ChuDe, LoaiChuDe) VALUES (2002,N'Bó hoa tươi',N'vàng')
INSERT [dbo].[SANPHAM_CHUDE] (MaSP, ChuDe, LoaiChuDe) VALUES (2003,N'Hoa tình yêu',N'')
INSERT [dbo].[SANPHAM_CHUDE] (MaSP, ChuDe, LoaiChuDe) VALUES (2003,N'Bó hoa tươi',N'vàng')
INSERT [dbo].[SANPHAM_CHUDE] (MaSP, ChuDe, LoaiChuDe) VALUES (2004,N'Hoa tình yêu',N'')
INSERT [dbo].[SANPHAM_CHUDE] (MaSP, ChuDe, LoaiChuDe) VALUES (2004,N'Hoa ngày lễ',N'Tốt nghiệp')
INSERT [dbo].[SANPHAM_CHUDE] (MaSP, ChuDe, LoaiChuDe) VALUES (2004,N'Bó hoa tươi',N'tím')
INSERT [dbo].[SANPHAM_CHUDE] (MaSP, ChuDe, LoaiChuDe) VALUES (2005,N'Hoa tình yêu',N'')
INSERT [dbo].[SANPHAM_CHUDE] (MaSP, ChuDe, LoaiChuDe) VALUES (2005,N'Giỏ hoa tươi',N'hồng')
INSERT [dbo].[SANPHAM_CHUDE] (MaSP, ChuDe, LoaiChuDe) VALUES (2005,N'Giỏ hoa tươi',N'tím')
INSERT [dbo].[SANPHAM_CHUDE] (MaSP, ChuDe, LoaiChuDe) VALUES (2006,N'Hoa tình yêu',N'')
INSERT [dbo].[SANPHAM_CHUDE] (MaSP, ChuDe, LoaiChuDe) VALUES (2006,N'Hoa sinh nhật',N'Tặng mẹ')
INSERT [dbo].[SANPHAM_CHUDE] (MaSP, ChuDe, LoaiChuDe) VALUES (2006,N'Bó hoa tươi',N'hồng')
INSERT [dbo].[SANPHAM_CHUDE] (MaSP, ChuDe, LoaiChuDe) VALUES (2007,N'Chia buồn',N'')
INSERT [dbo].[SANPHAM_CHUDE] (MaSP, ChuDe, LoaiChuDe) VALUES (2008,N'Hoa tình yêu',N'')
INSERT [dbo].[SANPHAM_CHUDE] (MaSP, ChuDe, LoaiChuDe) VALUES (2008,N'Bó hoa tươi',N'đỏ')
INSERT [dbo].[SANPHAM_CHUDE] (MaSP, ChuDe, LoaiChuDe) VALUES (2009,N'Hoa tình yêu',N'')
INSERT [dbo].[SANPHAM_CHUDE] (MaSP, ChuDe, LoaiChuDe) VALUES (2009,N'Bó hoa tươi',N'hồng')
INSERT [dbo].[SANPHAM_CHUDE] (MaSP, ChuDe, LoaiChuDe) VALUES (2009,N'Bó hoa tươi',N'vàng')
INSERT [dbo].[SANPHAM_CHUDE] (MaSP, ChuDe, LoaiChuDe) VALUES (2010,N'Hoa tình yêu',N'')
INSERT [dbo].[SANPHAM_CHUDE] (MaSP, ChuDe, LoaiChuDe) VALUES (2010,N'Giỏ hoa tươi',N'nhiều màu')
INSERT [dbo].[SANPHAM_CHUDE] (MaSP, ChuDe, LoaiChuDe) VALUES (2011,N'Hoa tình yêu',N'')
INSERT [dbo].[SANPHAM_CHUDE] (MaSP, ChuDe, LoaiChuDe) VALUES (2011,N'Bình hoa tươi',N'đỏ')
INSERT [dbo].[SANPHAM_CHUDE] (MaSP, ChuDe, LoaiChuDe) VALUES (2011,N'Bình hoa tươi',N'tím')
INSERT [dbo].[SANPHAM_CHUDE] (MaSP, ChuDe, LoaiChuDe) VALUES (2012,N'Hoa chia buồn',N'')
INSERT [dbo].[SANPHAM_CHUDE] (MaSP, ChuDe, LoaiChuDe) VALUES (2013,N'Hoa chúc mừng',N'')
INSERT [dbo].[SANPHAM_CHUDE] (MaSP, ChuDe, LoaiChuDe) VALUES (2013,N'Hoa ngày lễ',N'chúc mừng')
INSERT [dbo].[SANPHAM_CHUDE] (MaSP, ChuDe, LoaiChuDe) VALUES (2014,N'Hoa tình yêu',N'')
INSERT [dbo].[SANPHAM_CHUDE] (MaSP, ChuDe, LoaiChuDe) VALUES (2014,N'Hoa sinh nhật',N'tặng mẹ')
INSERT [dbo].[SANPHAM_CHUDE] (MaSP, ChuDe, LoaiChuDe) VALUES (2014,N'Giỏ hoa tươi',N'hồng')
INSERT [dbo].[SANPHAM_CHUDE] (MaSP, ChuDe, LoaiChuDe) VALUES (2014,N'Giỏ hoa tươi',N'trắng')
INSERT [dbo].[SANPHAM_CHUDE] (MaSP, ChuDe, LoaiChuDe) VALUES (2015,N'Hoa tình yêu',N'')
INSERT [dbo].[SANPHAM_CHUDE] (MaSP, ChuDe, LoaiChuDe) VALUES (2015,N'Hộp hoa tươi',N'đỏ')
INSERT [dbo].[SANPHAM_CHUDE] (MaSP, ChuDe, LoaiChuDe) VALUES (2015,N'Hoa sinh nhật',N'tặng mẹ')
INSERT [dbo].[SANPHAM_CHUDE] (MaSP, ChuDe, LoaiChuDe) VALUES (2016,N'Lan hồ điệp',N'')
INSERT [dbo].[SANPHAM_CHUDE] (MaSP, ChuDe, LoaiChuDe) VALUES (2017,N'Hoa tình yêu',N'')
INSERT [dbo].[SANPHAM_CHUDE] (MaSP, ChuDe, LoaiChuDe) VALUES (2017,N'Hộp hoa tươi',N'hồng')
INSERT [dbo].[SANPHAM_CHUDE] (MaSP, ChuDe, LoaiChuDe) VALUES (2017,N'Hộp hoa tươi',N'đỏ')
INSERT [dbo].[SANPHAM_CHUDE] (MaSP, ChuDe, LoaiChuDe) VALUES (2018,N'Hoa tươi',N'Hoa hồng')
INSERT [dbo].[SANPHAM_CHUDE] (MaSP, ChuDe, LoaiChuDe) VALUES (2018,N'Hoa tình yêu',N'')
INSERT [dbo].[SANPHAM_CHUDE] (MaSP, ChuDe, LoaiChuDe) VALUES (2018,N'Bình hoa tươi',N'đỏ')
INSERT [dbo].[SANPHAM_CHUDE] (MaSP, ChuDe, LoaiChuDe) VALUES (2019,N'Hoa tươi',N'Hoa hồng')
INSERT [dbo].[SANPHAM_CHUDE] (MaSP, ChuDe, LoaiChuDe) VALUES (2019,N'Bình hoa tươi',N'nhiều màu')
INSERT [dbo].[SANPHAM_CHUDE] (MaSP, ChuDe, LoaiChuDe) VALUES (2020,N'Hoa tười',N'Hoa hồng')
INSERT [dbo].[SANPHAM_CHUDE] (MaSP, ChuDe, LoaiChuDe) VALUES (2020,N'Bình hoa tươi',N'nhiều màu')
INSERT [dbo].[SANPHAM_CHUDE] (MaSP, ChuDe, LoaiChuDe) VALUES (2021,N'Hoa tình yêu',N'')
INSERT [dbo].[SANPHAM_CHUDE] (MaSP, ChuDe, LoaiChuDe) VALUES (2021,N'Hộp hoa tươi',N'hồng')
INSERT [dbo].[SANPHAM_CHUDE] (MaSP, ChuDe, LoaiChuDe) VALUES (2021,N'Hoa sinh nhật',N'')
INSERT [dbo].[SANPHAM_CHUDE] (MaSP, ChuDe, LoaiChuDe) VALUES (2022,N'Hoa chia buồn',N'')
INSERT [dbo].[SANPHAM_CHUDE] (MaSP, ChuDe, LoaiChuDe) VALUES (2023,N'Hoa sinh nhật',N'tặng cha')
INSERT [dbo].[SANPHAM_CHUDE] (MaSP, ChuDe, LoaiChuDe) VALUES (2023,N'Hộp hoa tươi',N'vàng')
INSERT [dbo].[SANPHAM_CHUDE] (MaSP, ChuDe, LoaiChuDe) VALUES (2024,N'Hộp hoa tươi',N'vàng')
INSERT [dbo].[SANPHAM_CHUDE] (MaSP, ChuDe, LoaiChuDe) VALUES (2025,N'Lan hồ điệp',N'')
INSERT [dbo].[SANPHAM_CHUDE] (MaSP, ChuDe, LoaiChuDe) VALUES (2026,N'Hoa chia buồn',N'')
INSERT [dbo].[SANPHAM_CHUDE] (MaSP, ChuDe, LoaiChuDe) VALUES (2027,N'Hoa tình yêu',N'')
INSERT [dbo].[SANPHAM_CHUDE] (MaSP, ChuDe, LoaiChuDe) VALUES (2027,N'Bó hoa tươi',N'hồng')
INSERT [dbo].[SANPHAM_CHUDE] (MaSP, ChuDe, LoaiChuDe) VALUES (2027,N'Hoa ngày lễ',N'tốt nghiệp')
INSERT [dbo].[SANPHAM_CHUDE] (MaSP, ChuDe, LoaiChuDe) VALUES (2027,N'Hoa ngày lễ',N'nhà giáo')
INSERT [dbo].[SANPHAM_CHUDE] (MaSP, ChuDe, LoaiChuDe) VALUES (2028,N'Hoa tình yêu',N'')
INSERT [dbo].[SANPHAM_CHUDE] (MaSP, ChuDe, LoaiChuDe) VALUES (2028,N'Hộp hoa tươi',N'nhiều màu')
INSERT [dbo].[SANPHAM_CHUDE] (MaSP, ChuDe, LoaiChuDe) VALUES (2029,N'Giỏ hoa tươi',N'hồng')
INSERT [dbo].[SANPHAM_CHUDE] (MaSP, ChuDe, LoaiChuDe) VALUES (2029,N'Hoa sinh nhật',N'tặng mẹ')
INSERT [dbo].[SANPHAM_CHUDE] (MaSP, ChuDe, LoaiChuDe) VALUES (2030,N'Hoa tình yêu',N'')
INSERT [dbo].[SANPHAM_CHUDE] (MaSP, ChuDe, LoaiChuDe) VALUES (2030,N'Bó hoa tươi',N'trắng')
INSERT [dbo].[SANPHAM_CHUDE] (MaSP, ChuDe, LoaiChuDe) VALUES (2031,N'Hộp hoa tươi',N'hồng')
INSERT [dbo].[SANPHAM_CHUDE] (MaSP, ChuDe, LoaiChuDe) VALUES (2031,N'Hoa tình yêu',N'')
INSERT [dbo].[SANPHAM_CHUDE] (MaSP, ChuDe, LoaiChuDe) VALUES (2032,N'Hoa tình yêu',N'')
INSERT [dbo].[SANPHAM_CHUDE] (MaSP, ChuDe, LoaiChuDe) VALUES (2032,N'Hoa sinh nhật',N'tặng mẹ')
INSERT [dbo].[SANPHAM_CHUDE] (MaSP, ChuDe, LoaiChuDe) VALUES (2032,N'Hộp hoa tươi',N'hồng')
INSERT [dbo].[SANPHAM_CHUDE] (MaSP, ChuDe, LoaiChuDe) VALUES (2033,N'Hoa tình yêu',N'')
INSERT [dbo].[SANPHAM_CHUDE] (MaSP, ChuDe, LoaiChuDe) VALUES (2033,N'Giỏ hoa tươi',N'hồng')
INSERT [dbo].[SANPHAM_CHUDE] (MaSP, ChuDe, LoaiChuDe) VALUES (2034,N'Hoa tình yêu',N'')
INSERT [dbo].[SANPHAM_CHUDE] (MaSP, ChuDe, LoaiChuDe) VALUES (2034,N'Giỏ hoa tươi',N'đỏ')
INSERT [dbo].[SANPHAM_CHUDE] (MaSP, ChuDe, LoaiChuDe) VALUES (2035,N'Hoa sinh nhật',N'tặng cha')
INSERT [dbo].[SANPHAM_CHUDE] (MaSP, ChuDe, LoaiChuDe) VALUES (2035,N'Bình hoa tươi',N'vàng')
INSERT [dbo].[SANPHAM_CHUDE] (MaSP, ChuDe, LoaiChuDe) VALUES (2036,N'Hoa chia buồn',N'')
INSERT [dbo].[SANPHAM_CHUDE] (MaSP, ChuDe, LoaiChuDe) VALUES (2037,N'Hoa tình yêu',N'')
INSERT [dbo].[SANPHAM_CHUDE] (MaSP, ChuDe, LoaiChuDe) VALUES (2037,N'Bình hoa tười',N'trắng')
INSERT [dbo].[SANPHAM_CHUDE] (MaSP, ChuDe, LoaiChuDe) VALUES (2038,N'chúc mừng',N'')
INSERT [dbo].[SANPHAM_CHUDE] (MaSP, ChuDe, LoaiChuDe) VALUES (2038,N'Hoa ngày lễ',N'chúc mừng')
INSERT [dbo].[SANPHAM_CHUDE] (MaSP, ChuDe, LoaiChuDe) VALUES (2039,N'Hoa tình yêu',N'')
INSERT [dbo].[SANPHAM_CHUDE] (MaSP, ChuDe, LoaiChuDe) VALUES (2039,N'Bó hoa tươi',N'hồng')
INSERT [dbo].[SANPHAM_CHUDE] (MaSP, ChuDe, LoaiChuDe) VALUES (2040,N'Bó hoa tươi',N'hồng')
INSERT [dbo].[SANPHAM_CHUDE] (MaSP, ChuDe, LoaiChuDe) VALUES (2040,N'Bó hoa tươi',N'xanh')
INSERT [dbo].[SANPHAM_CHUDE] (MaSP, ChuDe, LoaiChuDe) VALUES (2040,N'Bó hoa tươi',N'tím')
INSERT [dbo].[SANPHAM_CHUDE] (MaSP, ChuDe, LoaiChuDe) VALUES (2041,N'Hoa tình yêu',N'')
INSERT [dbo].[SANPHAM_CHUDE] (MaSP, ChuDe, LoaiChuDe) VALUES (2041,N'Hộp hoa tươi',N'hồng')
INSERT [dbo].[SANPHAM_CHUDE] (MaSP, ChuDe, LoaiChuDe) VALUES (2041,N'Hoa sinh nhật',N'tặng mẹ')
INSERT [dbo].[SANPHAM_CHUDE] (MaSP, ChuDe, LoaiChuDe) VALUES (2042,N'Bó hoa tươi',N'vàng')
INSERT [dbo].[SANPHAM_CHUDE] (MaSP, ChuDe, LoaiChuDe) VALUES (2042,N'Hoa ngày lễ',N'nhà giáo')
INSERT [dbo].[SANPHAM_CHUDE] (MaSP, ChuDe, LoaiChuDe) VALUES (2043,N'Hoa tình yêu',N'')
INSERT [dbo].[SANPHAM_CHUDE] (MaSP, ChuDe, LoaiChuDe) VALUES (2043,N'Bình hoa tươi',N'hồng')
INSERT [dbo].[SANPHAM_CHUDE] (MaSP, ChuDe, LoaiChuDe) VALUES (2043,N'Bình hoa tươi',N'tím')
INSERT [dbo].[SANPHAM_CHUDE] (MaSP, ChuDe, LoaiChuDe) VALUES (2044,N'Trái cây',N'')
INSERT [dbo].[SANPHAM_CHUDE] (MaSP, ChuDe, LoaiChuDe) VALUES (2045,N'Trái cây',N'')
INSERT [dbo].[SANPHAM_CHUDE] (MaSP, ChuDe, LoaiChuDe) VALUES (2046,N'Trái cây',N'')
INSERT [dbo].[SANPHAM_CHUDE] (MaSP, ChuDe, LoaiChuDe) VALUES (2047,N'Trái cây',N'')
INSERT [dbo].[SANPHAM_CHUDE] (MaSP, ChuDe, LoaiChuDe) VALUES (2048,N'Trái cây',N'')
INSERT [dbo].[SANPHAM_CHUDE] (MaSP, ChuDe, LoaiChuDe) VALUES (2049,N'Trái cây',N'')
INSERT [dbo].[SANPHAM_CHUDE] (MaSP, ChuDe, LoaiChuDe) VALUES (2050,N'Trái cây',N'')
GO																										

INSERT [dbo].[SANPHAM_NGUYENLIEU] (MaSP, MaNL, SoLuongNL) VALUES (2000,28,4)
INSERT [dbo].[SANPHAM_NGUYENLIEU] (MaSP, MaNL, SoLuongNL) VALUES (2000,29,4)
INSERT [dbo].[SANPHAM_NGUYENLIEU] (MaSP, MaNL, SoLuongNL) VALUES (2000,68,7)
INSERT [dbo].[SANPHAM_NGUYENLIEU] (MaSP, MaNL, SoLuongNL) VALUES (2000,75,2)
INSERT [dbo].[SANPHAM_NGUYENLIEU] (MaSP, MaNL, SoLuongNL) VALUES (2000,79,4)
INSERT [dbo].[SANPHAM_NGUYENLIEU] (MaSP, MaNL, SoLuongNL) VALUES (2000,82,5)
INSERT [dbo].[SANPHAM_NGUYENLIEU] (MaSP, MaNL, SoLuongNL) VALUES (2000,85,4)
INSERT [dbo].[SANPHAM_NGUYENLIEU] (MaSP, MaNL, SoLuongNL) VALUES (2000,7,1)
INSERT [dbo].[SANPHAM_NGUYENLIEU] (MaSP, MaNL, SoLuongNL) VALUES (2001,73,15)
INSERT [dbo].[SANPHAM_NGUYENLIEU] (MaSP, MaNL, SoLuongNL) VALUES (2001,46,7)
INSERT [dbo].[SANPHAM_NGUYENLIEU] (MaSP, MaNL, SoLuongNL) VALUES (2001,33,15)
INSERT [dbo].[SANPHAM_NGUYENLIEU] (MaSP, MaNL, SoLuongNL) VALUES (2001,96,8)
INSERT [dbo].[SANPHAM_NGUYENLIEU] (MaSP, MaNL, SoLuongNL) VALUES (2001,95,4)
INSERT [dbo].[SANPHAM_NGUYENLIEU] (MaSP, MaNL, SoLuongNL) VALUES (2001,2,12)
INSERT [dbo].[SANPHAM_NGUYENLIEU] (MaSP, MaNL, SoLuongNL) VALUES (2001,92,1)
INSERT [dbo].[SANPHAM_NGUYENLIEU] (MaSP, MaNL, SoLuongNL) VALUES (2002,30,1)
INSERT [dbo].[SANPHAM_NGUYENLIEU] (MaSP, MaNL, SoLuongNL) VALUES (2002,98,3)
INSERT [dbo].[SANPHAM_NGUYENLIEU] (MaSP, MaNL, SoLuongNL) VALUES (2002,56,4)
INSERT [dbo].[SANPHAM_NGUYENLIEU] (MaSP, MaNL, SoLuongNL) VALUES (2002,51,1)
INSERT [dbo].[SANPHAM_NGUYENLIEU] (MaSP, MaNL, SoLuongNL) VALUES (2003,20,10)
INSERT [dbo].[SANPHAM_NGUYENLIEU] (MaSP, MaNL, SoLuongNL) VALUES (2003,52,5)
INSERT [dbo].[SANPHAM_NGUYENLIEU] (MaSP, MaNL, SoLuongNL) VALUES (2003,56,4)
INSERT [dbo].[SANPHAM_NGUYENLIEU] (MaSP, MaNL, SoLuongNL) VALUES (2003,131,1)
INSERT [dbo].[SANPHAM_NGUYENLIEU] (MaSP, MaNL, SoLuongNL) VALUES (2004,68,3)
INSERT [dbo].[SANPHAM_NGUYENLIEU] (MaSP, MaNL, SoLuongNL) VALUES (2004,66,1)
INSERT [dbo].[SANPHAM_NGUYENLIEU] (MaSP, MaNL, SoLuongNL) VALUES (2004,65,1)
INSERT [dbo].[SANPHAM_NGUYENLIEU] (MaSP, MaNL, SoLuongNL) VALUES (2004,63,3)
INSERT [dbo].[SANPHAM_NGUYENLIEU] (MaSP, MaNL, SoLuongNL) VALUES (2004,56,3)
INSERT [dbo].[SANPHAM_NGUYENLIEU] (MaSP, MaNL, SoLuongNL) VALUES (2004,128,1)
INSERT [dbo].[SANPHAM_NGUYENLIEU] (MaSP, MaNL, SoLuongNL) VALUES (2005,121,8)
INSERT [dbo].[SANPHAM_NGUYENLIEU] (MaSP, MaNL, SoLuongNL) VALUES (2005,69,11)
INSERT [dbo].[SANPHAM_NGUYENLIEU] (MaSP, MaNL, SoLuongNL) VALUES (2005,65,2)
INSERT [dbo].[SANPHAM_NGUYENLIEU] (MaSP, MaNL, SoLuongNL) VALUES (2005,60,1)
INSERT [dbo].[SANPHAM_NGUYENLIEU] (MaSP, MaNL, SoLuongNL) VALUES (2005,125,1)
INSERT [dbo].[SANPHAM_NGUYENLIEU] (MaSP, MaNL, SoLuongNL) VALUES (2006,76,10)
INSERT [dbo].[SANPHAM_NGUYENLIEU] (MaSP, MaNL, SoLuongNL) VALUES (2006,12,10)
INSERT [dbo].[SANPHAM_NGUYENLIEU] (MaSP, MaNL, SoLuongNL) VALUES (2006,34,3)
INSERT [dbo].[SANPHAM_NGUYENLIEU] (MaSP, MaNL, SoLuongNL) VALUES (2006,123,1)
INSERT [dbo].[SANPHAM_NGUYENLIEU] (MaSP, MaNL, SoLuongNL) VALUES (2006,56,3)
INSERT [dbo].[SANPHAM_NGUYENLIEU] (MaSP, MaNL, SoLuongNL) VALUES (2007,50,15)
INSERT [dbo].[SANPHAM_NGUYENLIEU] (MaSP, MaNL, SoLuongNL) VALUES (2007,45,15)
INSERT [dbo].[SANPHAM_NGUYENLIEU] (MaSP, MaNL, SoLuongNL) VALUES (2007,55,1)
INSERT [dbo].[SANPHAM_NGUYENLIEU] (MaSP, MaNL, SoLuongNL) VALUES (2008,70,12)
INSERT [dbo].[SANPHAM_NGUYENLIEU] (MaSP, MaNL, SoLuongNL) VALUES (2008,137,34)
INSERT [dbo].[SANPHAM_NGUYENLIEU] (MaSP, MaNL, SoLuongNL) VALUES (2008,96,8)
INSERT [dbo].[SANPHAM_NGUYENLIEU] (MaSP, MaNL, SoLuongNL) VALUES (2008,118,1)
INSERT [dbo].[SANPHAM_NGUYENLIEU] (MaSP, MaNL, SoLuongNL) VALUES (2008,56,3)
INSERT [dbo].[SANPHAM_NGUYENLIEU] (MaSP, MaNL, SoLuongNL) VALUES (2009,68,8)
INSERT [dbo].[SANPHAM_NGUYENLIEU] (MaSP, MaNL, SoLuongNL) VALUES (2009,23,3)
INSERT [dbo].[SANPHAM_NGUYENLIEU] (MaSP, MaNL, SoLuongNL) VALUES (2009,65,6)
INSERT [dbo].[SANPHAM_NGUYENLIEU] (MaSP, MaNL, SoLuongNL) VALUES (2009,99,7)
INSERT [dbo].[SANPHAM_NGUYENLIEU] (MaSP, MaNL, SoLuongNL) VALUES (2009,32,7)
INSERT [dbo].[SANPHAM_NGUYENLIEU] (MaSP, MaNL, SoLuongNL) VALUES (2009,59,1)
INSERT [dbo].[SANPHAM_NGUYENLIEU] (MaSP, MaNL, SoLuongNL) VALUES (2009,130,1)
INSERT [dbo].[SANPHAM_NGUYENLIEU] (MaSP, MaNL, SoLuongNL) VALUES (2010,84,5)
INSERT [dbo].[SANPHAM_NGUYENLIEU] (MaSP, MaNL, SoLuongNL) VALUES (2010,69,12)
INSERT [dbo].[SANPHAM_NGUYENLIEU] (MaSP, MaNL, SoLuongNL) VALUES (2010,15,6)
INSERT [dbo].[SANPHAM_NGUYENLIEU] (MaSP, MaNL, SoLuongNL) VALUES (2010,102,2)
INSERT [dbo].[SANPHAM_NGUYENLIEU] (MaSP, MaNL, SoLuongNL) VALUES (2010,66,2)
INSERT [dbo].[SANPHAM_NGUYENLIEU] (MaSP, MaNL, SoLuongNL) VALUES (2010,60,1)
INSERT [dbo].[SANPHAM_NGUYENLIEU] (MaSP, MaNL, SoLuongNL) VALUES (2010,123,1)
INSERT [dbo].[SANPHAM_NGUYENLIEU] (MaSP, MaNL, SoLuongNL) VALUES (2011,72,18)
INSERT [dbo].[SANPHAM_NGUYENLIEU] (MaSP, MaNL, SoLuongNL) VALUES (2011,79,14)
INSERT [dbo].[SANPHAM_NGUYENLIEU] (MaSP, MaNL, SoLuongNL) VALUES (2011,67,4)
INSERT [dbo].[SANPHAM_NGUYENLIEU] (MaSP, MaNL, SoLuongNL) VALUES (2011,6,1)
INSERT [dbo].[SANPHAM_NGUYENLIEU] (MaSP, MaNL, SoLuongNL) VALUES (2012,50,15)
INSERT [dbo].[SANPHAM_NGUYENLIEU] (MaSP, MaNL, SoLuongNL) VALUES (2012,106,10)
INSERT [dbo].[SANPHAM_NGUYENLIEU] (MaSP, MaNL, SoLuongNL) VALUES (2012,104,6)
INSERT [dbo].[SANPHAM_NGUYENLIEU] (MaSP, MaNL, SoLuongNL) VALUES (2012,109,1)
INSERT [dbo].[SANPHAM_NGUYENLIEU] (MaSP, MaNL, SoLuongNL) VALUES (2012,55,1)
INSERT [dbo].[SANPHAM_NGUYENLIEU] (MaSP, MaNL, SoLuongNL) VALUES (2012,56,7)
INSERT [dbo].[SANPHAM_NGUYENLIEU] (MaSP, MaNL, SoLuongNL) VALUES (2013,53,45)
INSERT [dbo].[SANPHAM_NGUYENLIEU] (MaSP, MaNL, SoLuongNL) VALUES (2013,103,5)
INSERT [dbo].[SANPHAM_NGUYENLIEU] (MaSP, MaNL, SoLuongNL) VALUES (2013,55,1)
INSERT [dbo].[SANPHAM_NGUYENLIEU] (MaSP, MaNL, SoLuongNL) VALUES (2013,56,7)
INSERT [dbo].[SANPHAM_NGUYENLIEU] (MaSP, MaNL, SoLuongNL) VALUES (2014,68,8)
INSERT [dbo].[SANPHAM_NGUYENLIEU] (MaSP, MaNL, SoLuongNL) VALUES (2014,76,10)
INSERT [dbo].[SANPHAM_NGUYENLIEU] (MaSP, MaNL, SoLuongNL) VALUES (2014,35,5)
INSERT [dbo].[SANPHAM_NGUYENLIEU] (MaSP, MaNL, SoLuongNL) VALUES (2014,113,15)
INSERT [dbo].[SANPHAM_NGUYENLIEU] (MaSP, MaNL, SoLuongNL) VALUES (2014,67,3)
INSERT [dbo].[SANPHAM_NGUYENLIEU] (MaSP, MaNL, SoLuongNL) VALUES (2014,58,1)
INSERT [dbo].[SANPHAM_NGUYENLIEU] (MaSP, MaNL, SoLuongNL) VALUES (2014,122,1)
INSERT [dbo].[SANPHAM_NGUYENLIEU] (MaSP, MaNL, SoLuongNL) VALUES (2015,71,6)
INSERT [dbo].[SANPHAM_NGUYENLIEU] (MaSP, MaNL, SoLuongNL) VALUES (2015,72,7)
INSERT [dbo].[SANPHAM_NGUYENLIEU] (MaSP, MaNL, SoLuongNL) VALUES (2015,63,10)
INSERT [dbo].[SANPHAM_NGUYENLIEU] (MaSP, MaNL, SoLuongNL) VALUES (2015,88,1)
INSERT [dbo].[SANPHAM_NGUYENLIEU] (MaSP, MaNL, SoLuongNL) VALUES (2015,122,1)
INSERT [dbo].[SANPHAM_NGUYENLIEU] (MaSP, MaNL, SoLuongNL) VALUES (2016,1,3)
INSERT [dbo].[SANPHAM_NGUYENLIEU] (MaSP, MaNL, SoLuongNL) VALUES (2016,8,4)
INSERT [dbo].[SANPHAM_NGUYENLIEU] (MaSP, MaNL, SoLuongNL) VALUES (2016,5,4)
INSERT [dbo].[SANPHAM_NGUYENLIEU] (MaSP, MaNL, SoLuongNL) VALUES (2016,48,2)
INSERT [dbo].[SANPHAM_NGUYENLIEU] (MaSP, MaNL, SoLuongNL) VALUES (2016,68,1)
INSERT [dbo].[SANPHAM_NGUYENLIEU] (MaSP, MaNL, SoLuongNL) VALUES (2016,56,2)
INSERT [dbo].[SANPHAM_NGUYENLIEU] (MaSP, MaNL, SoLuongNL) VALUES (2016,133,4)
INSERT [dbo].[SANPHAM_NGUYENLIEU] (MaSP, MaNL, SoLuongNL) VALUES (2017,97,3)
INSERT [dbo].[SANPHAM_NGUYENLIEU] (MaSP, MaNL, SoLuongNL) VALUES (2017,74,15)
INSERT [dbo].[SANPHAM_NGUYENLIEU] (MaSP, MaNL, SoLuongNL) VALUES (2017,21,5)
INSERT [dbo].[SANPHAM_NGUYENLIEU] (MaSP, MaNL, SoLuongNL) VALUES (2017,62,4)
INSERT [dbo].[SANPHAM_NGUYENLIEU] (MaSP, MaNL, SoLuongNL) VALUES (2017,119,2)
INSERT [dbo].[SANPHAM_NGUYENLIEU] (MaSP, MaNL, SoLuongNL) VALUES (2017,126,3)
INSERT [dbo].[SANPHAM_NGUYENLIEU] (MaSP, MaNL, SoLuongNL) VALUES (2017,27,4)
INSERT [dbo].[SANPHAM_NGUYENLIEU] (MaSP, MaNL, SoLuongNL) VALUES (2018,85,4)
INSERT [dbo].[SANPHAM_NGUYENLIEU] (MaSP, MaNL, SoLuongNL) VALUES (2018,65,4)
INSERT [dbo].[SANPHAM_NGUYENLIEU] (MaSP, MaNL, SoLuongNL) VALUES (2018,12,5)
INSERT [dbo].[SANPHAM_NGUYENLIEU] (MaSP, MaNL, SoLuongNL) VALUES (2018,6,2)
INSERT [dbo].[SANPHAM_NGUYENLIEU] (MaSP, MaNL, SoLuongNL) VALUES (2018,4,3)
INSERT [dbo].[SANPHAM_NGUYENLIEU] (MaSP, MaNL, SoLuongNL) VALUES (2019,12,53)
INSERT [dbo].[SANPHAM_NGUYENLIEU] (MaSP, MaNL, SoLuongNL) VALUES (2019,76,1)
INSERT [dbo].[SANPHAM_NGUYENLIEU] (MaSP, MaNL, SoLuongNL) VALUES (2019,34,54)
INSERT [dbo].[SANPHAM_NGUYENLIEU] (MaSP, MaNL, SoLuongNL) VALUES (2019,43,1)
INSERT [dbo].[SANPHAM_NGUYENLIEU] (MaSP, MaNL, SoLuongNL) VALUES (2020,107,2)
INSERT [dbo].[SANPHAM_NGUYENLIEU] (MaSP, MaNL, SoLuongNL) VALUES (2020,132,12)
INSERT [dbo].[SANPHAM_NGUYENLIEU] (MaSP, MaNL, SoLuongNL) VALUES (2020,106,2)
INSERT [dbo].[SANPHAM_NGUYENLIEU] (MaSP, MaNL, SoLuongNL) VALUES (2020,117,12)
INSERT [dbo].[SANPHAM_NGUYENLIEU] (MaSP, MaNL, SoLuongNL) VALUES (2020,17,14)
INSERT [dbo].[SANPHAM_NGUYENLIEU] (MaSP, MaNL, SoLuongNL) VALUES (2020,136,14)
INSERT [dbo].[SANPHAM_NGUYENLIEU] (MaSP, MaNL, SoLuongNL) VALUES (2021,99,3)
INSERT [dbo].[SANPHAM_NGUYENLIEU] (MaSP, MaNL, SoLuongNL) VALUES (2021,8,7)
INSERT [dbo].[SANPHAM_NGUYENLIEU] (MaSP, MaNL, SoLuongNL) VALUES (2021,129,15)
INSERT [dbo].[SANPHAM_NGUYENLIEU] (MaSP, MaNL, SoLuongNL) VALUES (2021,55,4)
INSERT [dbo].[SANPHAM_NGUYENLIEU] (MaSP, MaNL, SoLuongNL) VALUES (2021,117,9)
INSERT [dbo].[SANPHAM_NGUYENLIEU] (MaSP, MaNL, SoLuongNL) VALUES (2021,96,15)
INSERT [dbo].[SANPHAM_NGUYENLIEU] (MaSP, MaNL, SoLuongNL) VALUES (2021,33,7)
INSERT [dbo].[SANPHAM_NGUYENLIEU] (MaSP, MaNL, SoLuongNL) VALUES (2022,121,3)
INSERT [dbo].[SANPHAM_NGUYENLIEU] (MaSP, MaNL, SoLuongNL) VALUES (2022,36,11)
INSERT [dbo].[SANPHAM_NGUYENLIEU] (MaSP, MaNL, SoLuongNL) VALUES (2022,3,6)
INSERT [dbo].[SANPHAM_NGUYENLIEU] (MaSP, MaNL, SoLuongNL) VALUES (2022,126,13)
INSERT [dbo].[SANPHAM_NGUYENLIEU] (MaSP, MaNL, SoLuongNL) VALUES (2023,36,12)
INSERT [dbo].[SANPHAM_NGUYENLIEU] (MaSP, MaNL, SoLuongNL) VALUES (2023,137,13)
INSERT [dbo].[SANPHAM_NGUYENLIEU] (MaSP, MaNL, SoLuongNL) VALUES (2023,76,6)
INSERT [dbo].[SANPHAM_NGUYENLIEU] (MaSP, MaNL, SoLuongNL) VALUES (2023,16,14)
INSERT [dbo].[SANPHAM_NGUYENLIEU] (MaSP, MaNL, SoLuongNL) VALUES (2023,91,12)
INSERT [dbo].[SANPHAM_NGUYENLIEU] (MaSP, MaNL, SoLuongNL) VALUES (2024,6,15)
INSERT [dbo].[SANPHAM_NGUYENLIEU] (MaSP, MaNL, SoLuongNL) VALUES (2024,73,14)
INSERT [dbo].[SANPHAM_NGUYENLIEU] (MaSP, MaNL, SoLuongNL) VALUES (2024,49,2)
INSERT [dbo].[SANPHAM_NGUYENLIEU] (MaSP, MaNL, SoLuongNL) VALUES (2024,13,8)
INSERT [dbo].[SANPHAM_NGUYENLIEU] (MaSP, MaNL, SoLuongNL) VALUES (2025,39,14)
INSERT [dbo].[SANPHAM_NGUYENLIEU] (MaSP, MaNL, SoLuongNL) VALUES (2025,60,4)
INSERT [dbo].[SANPHAM_NGUYENLIEU] (MaSP, MaNL, SoLuongNL) VALUES (2025,81,6)
INSERT [dbo].[SANPHAM_NGUYENLIEU] (MaSP, MaNL, SoLuongNL) VALUES (2026,28,9)
INSERT [dbo].[SANPHAM_NGUYENLIEU] (MaSP, MaNL, SoLuongNL) VALUES (2026,2,13)
INSERT [dbo].[SANPHAM_NGUYENLIEU] (MaSP, MaNL, SoLuongNL) VALUES (2026,71,7)
INSERT [dbo].[SANPHAM_NGUYENLIEU] (MaSP, MaNL, SoLuongNL) VALUES (2026,68,6)
INSERT [dbo].[SANPHAM_NGUYENLIEU] (MaSP, MaNL, SoLuongNL) VALUES (2026,6,10)
INSERT [dbo].[SANPHAM_NGUYENLIEU] (MaSP, MaNL, SoLuongNL) VALUES (2026,35,10)
INSERT [dbo].[SANPHAM_NGUYENLIEU] (MaSP, MaNL, SoLuongNL) VALUES (2027,14,7)
INSERT [dbo].[SANPHAM_NGUYENLIEU] (MaSP, MaNL, SoLuongNL) VALUES (2027,17,6)
INSERT [dbo].[SANPHAM_NGUYENLIEU] (MaSP, MaNL, SoLuongNL) VALUES (2027,26,10)
INSERT [dbo].[SANPHAM_NGUYENLIEU] (MaSP, MaNL, SoLuongNL) VALUES (2027,84,13)
INSERT [dbo].[SANPHAM_NGUYENLIEU] (MaSP, MaNL, SoLuongNL) VALUES (2027,76,4)
INSERT [dbo].[SANPHAM_NGUYENLIEU] (MaSP, MaNL, SoLuongNL) VALUES (2027,81,15)
INSERT [dbo].[SANPHAM_NGUYENLIEU] (MaSP, MaNL, SoLuongNL) VALUES (2027,126,7)
INSERT [dbo].[SANPHAM_NGUYENLIEU] (MaSP, MaNL, SoLuongNL) VALUES (2028,97,4)
INSERT [dbo].[SANPHAM_NGUYENLIEU] (MaSP, MaNL, SoLuongNL) VALUES (2028,91,3)
INSERT [dbo].[SANPHAM_NGUYENLIEU] (MaSP, MaNL, SoLuongNL) VALUES (2028,1,8)
INSERT [dbo].[SANPHAM_NGUYENLIEU] (MaSP, MaNL, SoLuongNL) VALUES (2028,15,12)
INSERT [dbo].[SANPHAM_NGUYENLIEU] (MaSP, MaNL, SoLuongNL) VALUES (2028,22,15)
INSERT [dbo].[SANPHAM_NGUYENLIEU] (MaSP, MaNL, SoLuongNL) VALUES (2029,62,2)
INSERT [dbo].[SANPHAM_NGUYENLIEU] (MaSP, MaNL, SoLuongNL) VALUES (2029,69,11)
INSERT [dbo].[SANPHAM_NGUYENLIEU] (MaSP, MaNL, SoLuongNL) VALUES (2029,68,11)
INSERT [dbo].[SANPHAM_NGUYENLIEU] (MaSP, MaNL, SoLuongNL) VALUES (2029,40,9)
INSERT [dbo].[SANPHAM_NGUYENLIEU] (MaSP, MaNL, SoLuongNL) VALUES (2029,126,12)
INSERT [dbo].[SANPHAM_NGUYENLIEU] (MaSP, MaNL, SoLuongNL) VALUES (2030,103,13)
INSERT [dbo].[SANPHAM_NGUYENLIEU] (MaSP, MaNL, SoLuongNL) VALUES (2030,35,6)
INSERT [dbo].[SANPHAM_NGUYENLIEU] (MaSP, MaNL, SoLuongNL) VALUES (2030,63,9)
INSERT [dbo].[SANPHAM_NGUYENLIEU] (MaSP, MaNL, SoLuongNL) VALUES (2030,96,6)
INSERT [dbo].[SANPHAM_NGUYENLIEU] (MaSP, MaNL, SoLuongNL) VALUES (2030,72,3)
INSERT [dbo].[SANPHAM_NGUYENLIEU] (MaSP, MaNL, SoLuongNL) VALUES (2030,64,12)
INSERT [dbo].[SANPHAM_NGUYENLIEU] (MaSP, MaNL, SoLuongNL) VALUES (2030,44,15)
INSERT [dbo].[SANPHAM_NGUYENLIEU] (MaSP, MaNL, SoLuongNL) VALUES (2031,115,2)
INSERT [dbo].[SANPHAM_NGUYENLIEU] (MaSP, MaNL, SoLuongNL) VALUES (2031,111,9)
INSERT [dbo].[SANPHAM_NGUYENLIEU] (MaSP, MaNL, SoLuongNL) VALUES (2031,35,12)
INSERT [dbo].[SANPHAM_NGUYENLIEU] (MaSP, MaNL, SoLuongNL) VALUES (2031,18,5)
INSERT [dbo].[SANPHAM_NGUYENLIEU] (MaSP, MaNL, SoLuongNL) VALUES (2032,90,4)
INSERT [dbo].[SANPHAM_NGUYENLIEU] (MaSP, MaNL, SoLuongNL) VALUES (2032,88,6)
INSERT [dbo].[SANPHAM_NGUYENLIEU] (MaSP, MaNL, SoLuongNL) VALUES (2032,61,1)
INSERT [dbo].[SANPHAM_NGUYENLIEU] (MaSP, MaNL, SoLuongNL) VALUES (2032,107,1)
INSERT [dbo].[SANPHAM_NGUYENLIEU] (MaSP, MaNL, SoLuongNL) VALUES (2032,24,7)
INSERT [dbo].[SANPHAM_NGUYENLIEU] (MaSP, MaNL, SoLuongNL) VALUES (2032,78,7)
INSERT [dbo].[SANPHAM_NGUYENLIEU] (MaSP, MaNL, SoLuongNL) VALUES (2032,27,12)
INSERT [dbo].[SANPHAM_NGUYENLIEU] (MaSP, MaNL, SoLuongNL) VALUES (2033,100,13)
INSERT [dbo].[SANPHAM_NGUYENLIEU] (MaSP, MaNL, SoLuongNL) VALUES (2033,16,14)
INSERT [dbo].[SANPHAM_NGUYENLIEU] (MaSP, MaNL, SoLuongNL) VALUES (2033,63,11)
INSERT [dbo].[SANPHAM_NGUYENLIEU] (MaSP, MaNL, SoLuongNL) VALUES (2034,3,5)
INSERT [dbo].[SANPHAM_NGUYENLIEU] (MaSP, MaNL, SoLuongNL) VALUES (2034,104,7)
INSERT [dbo].[SANPHAM_NGUYENLIEU] (MaSP, MaNL, SoLuongNL) VALUES (2034,54,2)
INSERT [dbo].[SANPHAM_NGUYENLIEU] (MaSP, MaNL, SoLuongNL) VALUES (2034,42,6)
INSERT [dbo].[SANPHAM_NGUYENLIEU] (MaSP, MaNL, SoLuongNL) VALUES (2035,120,8)
INSERT [dbo].[SANPHAM_NGUYENLIEU] (MaSP, MaNL, SoLuongNL) VALUES (2035,53,15)
INSERT [dbo].[SANPHAM_NGUYENLIEU] (MaSP, MaNL, SoLuongNL) VALUES (2035,24,14)
INSERT [dbo].[SANPHAM_NGUYENLIEU] (MaSP, MaNL, SoLuongNL) VALUES (2035,8,4)
INSERT [dbo].[SANPHAM_NGUYENLIEU] (MaSP, MaNL, SoLuongNL) VALUES (2036,110,8)
INSERT [dbo].[SANPHAM_NGUYENLIEU] (MaSP, MaNL, SoLuongNL) VALUES (2036,24,12)
INSERT [dbo].[SANPHAM_NGUYENLIEU] (MaSP, MaNL, SoLuongNL) VALUES (2036,115,14)
INSERT [dbo].[SANPHAM_NGUYENLIEU] (MaSP, MaNL, SoLuongNL) VALUES (2037,78,5)
INSERT [dbo].[SANPHAM_NGUYENLIEU] (MaSP, MaNL, SoLuongNL) VALUES (2037,4,11)
INSERT [dbo].[SANPHAM_NGUYENLIEU] (MaSP, MaNL, SoLuongNL) VALUES (2037,18,15)
INSERT [dbo].[SANPHAM_NGUYENLIEU] (MaSP, MaNL, SoLuongNL) VALUES (2037,52,3)
INSERT [dbo].[SANPHAM_NGUYENLIEU] (MaSP, MaNL, SoLuongNL) VALUES (2038,31,2)
INSERT [dbo].[SANPHAM_NGUYENLIEU] (MaSP, MaNL, SoLuongNL) VALUES (2038,110,2)
INSERT [dbo].[SANPHAM_NGUYENLIEU] (MaSP, MaNL, SoLuongNL) VALUES (2038,10,8)
INSERT [dbo].[SANPHAM_NGUYENLIEU] (MaSP, MaNL, SoLuongNL) VALUES (2038,46,6)
INSERT [dbo].[SANPHAM_NGUYENLIEU] (MaSP, MaNL, SoLuongNL) VALUES (2038,106,9)
INSERT [dbo].[SANPHAM_NGUYENLIEU] (MaSP, MaNL, SoLuongNL) VALUES (2038,52,6)
INSERT [dbo].[SANPHAM_NGUYENLIEU] (MaSP, MaNL, SoLuongNL) VALUES (2038,116,6)
INSERT [dbo].[SANPHAM_NGUYENLIEU] (MaSP, MaNL, SoLuongNL) VALUES (2039,103,11)
INSERT [dbo].[SANPHAM_NGUYENLIEU] (MaSP, MaNL, SoLuongNL) VALUES (2039,41,8)
INSERT [dbo].[SANPHAM_NGUYENLIEU] (MaSP, MaNL, SoLuongNL) VALUES (2039,21,4)
INSERT [dbo].[SANPHAM_NGUYENLIEU] (MaSP, MaNL, SoLuongNL) VALUES (2039,26,7)
INSERT [dbo].[SANPHAM_NGUYENLIEU] (MaSP, MaNL, SoLuongNL) VALUES (2039,122,11)
INSERT [dbo].[SANPHAM_NGUYENLIEU] (MaSP, MaNL, SoLuongNL) VALUES (2040,29,9)
INSERT [dbo].[SANPHAM_NGUYENLIEU] (MaSP, MaNL, SoLuongNL) VALUES (2040,106,14)
INSERT [dbo].[SANPHAM_NGUYENLIEU] (MaSP, MaNL, SoLuongNL) VALUES (2040,59,2)
INSERT [dbo].[SANPHAM_NGUYENLIEU] (MaSP, MaNL, SoLuongNL) VALUES (2041,100,11)
INSERT [dbo].[SANPHAM_NGUYENLIEU] (MaSP, MaNL, SoLuongNL) VALUES (2041,52,9)
INSERT [dbo].[SANPHAM_NGUYENLIEU] (MaSP, MaNL, SoLuongNL) VALUES (2041,17,13)
INSERT [dbo].[SANPHAM_NGUYENLIEU] (MaSP, MaNL, SoLuongNL) VALUES (2041,33,14)
INSERT [dbo].[SANPHAM_NGUYENLIEU] (MaSP, MaNL, SoLuongNL) VALUES (2041,29,11)
INSERT [dbo].[SANPHAM_NGUYENLIEU] (MaSP, MaNL, SoLuongNL) VALUES (2041,128,1)
INSERT [dbo].[SANPHAM_NGUYENLIEU] (MaSP, MaNL, SoLuongNL) VALUES (2042,23,5)
INSERT [dbo].[SANPHAM_NGUYENLIEU] (MaSP, MaNL, SoLuongNL) VALUES (2042,95,2)
INSERT [dbo].[SANPHAM_NGUYENLIEU] (MaSP, MaNL, SoLuongNL) VALUES (2042,71,15)
INSERT [dbo].[SANPHAM_NGUYENLIEU] (MaSP, MaNL, SoLuongNL) VALUES (2042,57,12)
INSERT [dbo].[SANPHAM_NGUYENLIEU] (MaSP, MaNL, SoLuongNL) VALUES (2042,123,8)
INSERT [dbo].[SANPHAM_NGUYENLIEU] (MaSP, MaNL, SoLuongNL) VALUES (2043,87,5)
INSERT [dbo].[SANPHAM_NGUYENLIEU] (MaSP, MaNL, SoLuongNL) VALUES (2043,5,3)
INSERT [dbo].[SANPHAM_NGUYENLIEU] (MaSP, MaNL, SoLuongNL) VALUES (2043,101,2)
INSERT [dbo].[SANPHAM_NGUYENLIEU] (MaSP, MaNL, SoLuongNL) VALUES (2043,78,2)
INSERT [dbo].[SANPHAM_NGUYENLIEU] (MaSP, MaNL, SoLuongNL) VALUES (2043,95,8)
INSERT [dbo].[SANPHAM_NGUYENLIEU] (MaSP, MaNL, SoLuongNL) VALUES (2043,133,14)
INSERT [dbo].[SANPHAM_NGUYENLIEU] (MaSP, MaNL, SoLuongNL) VALUES (2044,19,4)
INSERT [dbo].[SANPHAM_NGUYENLIEU] (MaSP, MaNL, SoLuongNL) VALUES (2044,135,4)
INSERT [dbo].[SANPHAM_NGUYENLIEU] (MaSP, MaNL, SoLuongNL) VALUES (2044,88,1)
INSERT [dbo].[SANPHAM_NGUYENLIEU] (MaSP, MaNL, SoLuongNL) VALUES (2045,19,3)
INSERT [dbo].[SANPHAM_NGUYENLIEU] (MaSP, MaNL, SoLuongNL) VALUES (2045,136,4)
INSERT [dbo].[SANPHAM_NGUYENLIEU] (MaSP, MaNL, SoLuongNL) VALUES (2045,93,4)
INSERT [dbo].[SANPHAM_NGUYENLIEU] (MaSP, MaNL, SoLuongNL) VALUES (2045,134,4)
INSERT [dbo].[SANPHAM_NGUYENLIEU] (MaSP, MaNL, SoLuongNL) VALUES (2045,107,4)
INSERT [dbo].[SANPHAM_NGUYENLIEU] (MaSP, MaNL, SoLuongNL) VALUES (2045,59,1)
INSERT [dbo].[SANPHAM_NGUYENLIEU] (MaSP, MaNL, SoLuongNL) VALUES (2046,135,4)
INSERT [dbo].[SANPHAM_NGUYENLIEU] (MaSP, MaNL, SoLuongNL) VALUES (2046,136,4)
INSERT [dbo].[SANPHAM_NGUYENLIEU] (MaSP, MaNL, SoLuongNL) VALUES (2046,134,4)
INSERT [dbo].[SANPHAM_NGUYENLIEU] (MaSP, MaNL, SoLuongNL) VALUES (2046,93,4)
INSERT [dbo].[SANPHAM_NGUYENLIEU] (MaSP, MaNL, SoLuongNL) VALUES (2046,19,4)
INSERT [dbo].[SANPHAM_NGUYENLIEU] (MaSP, MaNL, SoLuongNL) VALUES (2046,117,1)
INSERT [dbo].[SANPHAM_NGUYENLIEU] (MaSP, MaNL, SoLuongNL) VALUES (2046,88,1)
INSERT [dbo].[SANPHAM_NGUYENLIEU] (MaSP, MaNL, SoLuongNL) VALUES (2047,135,2)
INSERT [dbo].[SANPHAM_NGUYENLIEU] (MaSP, MaNL, SoLuongNL) VALUES (2047,136,2)
INSERT [dbo].[SANPHAM_NGUYENLIEU] (MaSP, MaNL, SoLuongNL) VALUES (2047,134,2)
INSERT [dbo].[SANPHAM_NGUYENLIEU] (MaSP, MaNL, SoLuongNL) VALUES (2047,117,2)
INSERT [dbo].[SANPHAM_NGUYENLIEU] (MaSP, MaNL, SoLuongNL) VALUES (2047,88,1)
INSERT [dbo].[SANPHAM_NGUYENLIEU] (MaSP, MaNL, SoLuongNL) VALUES (2047,130,1)
INSERT [dbo].[SANPHAM_NGUYENLIEU] (MaSP, MaNL, SoLuongNL) VALUES (2048,19,6)
INSERT [dbo].[SANPHAM_NGUYENLIEU] (MaSP, MaNL, SoLuongNL) VALUES (2048,135,3)
INSERT [dbo].[SANPHAM_NGUYENLIEU] (MaSP, MaNL, SoLuongNL) VALUES (2048,88,1)
INSERT [dbo].[SANPHAM_NGUYENLIEU] (MaSP, MaNL, SoLuongNL) VALUES (2048,130,1)
INSERT [dbo].[SANPHAM_NGUYENLIEU] (MaSP, MaNL, SoLuongNL) VALUES (2049,19,9)
INSERT [dbo].[SANPHAM_NGUYENLIEU] (MaSP, MaNL, SoLuongNL) VALUES (2049,88,1)
INSERT [dbo].[SANPHAM_NGUYENLIEU] (MaSP, MaNL, SoLuongNL) VALUES (2049,130,1)
INSERT [dbo].[SANPHAM_NGUYENLIEU] (MaSP, MaNL, SoLuongNL) VALUES (2050,134,6)
INSERT [dbo].[SANPHAM_NGUYENLIEU] (MaSP, MaNL, SoLuongNL) VALUES (2050,88,1)
INSERT [dbo].[SANPHAM_NGUYENLIEU] (MaSP, MaNL, SoLuongNL) VALUES (2050,125,1)
GO





GO
select * from SANPHAM_CHUDE
